num_cards,mcts_heads,player_0_heads,player_1_heads,winner
5,27,36,66,0
5,35,58,70,0
5,45,66,36,2
5,46,74,57,0
5,61,67,65,0
5,72,24,18,2
5,65,61,71,1
5,32,18,67,1
5,26,43,68,0
5,55,67,65,0
5,51,72,72,0
5,15,51,74,0
5,40,59,67,0
5,14,78,55,0
5,29,32,70,0
5,30,38,68,0
5,64,71,65,0
5,29,72,69,0
5,28,67,25,2
5,33,40,70,0
5,17,49,71,0
5,35,35,74,-1
5,40,43,71,0
5,28,47,66,0
5,22,70,62,0
5,13,51,71,0
5,62,56,67,1
5,38,68,52,0
5,27,46,68,0
5,17,45,67,0
5,42,47,67,0
5,38,72,34,2
5,50,27,71,1
5,71,44,27,2
5,37,66,48,0
5,54,66,62,0
5,28,71,61,0
5,63,32,66,1
5,67,62,57,2
5,43,73,52,0
5,51,66,67,0
5,39,59,67,0
5,50,41,67,1
5,21,74,58,0
5,20,66,34,0
5,24,45,67,0
5,20,57,66,0
5,30,56,68,0
5,34,42,80,0
5,22,66,45,0
5,66,58,56,2
5,44,59,70,0
5,56,70,66,0
5,49,74,62,0
5,36,67,50,0
5,64,72,37,2
5,32,54,72,0
5,55,69,55,-1
5,51,47,66,1
5,17,74,54,0
5,38,65,71,0
5,26,38,69,0
5,63,68,40,2
5,40,68,62,0
5,26,21,70,1
5,19,67,50,0
5,38,59,73,0
5,30,72,24,2
5,20,66,50,0
5,21,66,49,0
5,17,76,45,0
5,35,71,50,0
5,49,52,66,0
5,25,69,44,0
5,35,67,59,0
5,31,38,67,0
5,76,55,56,1
5,23,76,37,0
5,38,31,66,1
5,18,29,68,0
5,18,37,67,0
5,19,68,26,0
5,27,47,68,0
5,43,33,68,1
5,21,70,47,0
5,34,45,68,0
5,32,55,70,0
5,69,56,65,1
5,16,67,47,0
5,38,50,66,0
5,42,60,68,0
5,33,22,68,1
5,33,29,70,1
5,28,67,67,0
5,60,40,67,1
5,64,68,63,2
5,57,26,77,1
5,28,61,76,0
5,28,67,47,0
5,26,71,64,0
5,44,33,66,1
5,30,47,69,0
5,49,67,62,0
5,49,75,39,2
5,27,77,38,0
5,26,10,67,1
5,32,71,65,0
5,35,32,68,1
5,24,66,27,0
5,40,27,66,1
5,54,43,66,1
5,38,54,67,0
5,50,34,70,1
5,6,71,33,0
5,27,67,61,0
5,43,64,66,0
5,12,41,67,0
5,32,45,69,0
5,54,54,69,-1
5,46,71,62,0
5,27,67,45,0
5,47,67,64,0
5,38,70,49,0
5,46,64,67,0
5,41,70,54,0
5,51,61,66,0
5,34,74,50,0
5,25,68,32,0
5,33,76,50,0
5,53,31,71,1
5,50,76,57,0
5,46,76,60,0
5,12,67,25,0
5,18,62,66,0
5,57,65,70,0
5,23,49,66,0
5,34,70,44,0
5,36,40,70,0
5,19,50,75,0
5,48,35,69,1
5,32,70,34,0
5,40,65,66,0
5,49,57,71,0
5,56,56,66,-1
5,25,67,57,0
5,31,67,45,0
5,55,65,69,0
5,41,71,36,2
5,33,70,25,2
5,56,71,38,2
5,6,70,20,0
5,57,58,69,0
5,29,40,67,0
5,30,68,52,0
5,62,66,49,2
5,36,66,33,2
5,44,67,40,2
5,67,59,70,1
5,34,41,69,0
5,31,68,37,0
5,20,44,69,0
5,53,39,67,1
5,30,69,45,0
5,36,70,43,0
5,11,47,66,0
5,34,41,70,0
5,14,33,71,0
5,26,53,66,0
5,9,67,43,0
5,27,60,66,0
5,20,76,46,0
5,21,10,72,1
5,59,69,44,2
5,22,60,73,0
5,35,72,30,2
5,24,66,20,2
5,31,31,69,-1
5,53,42,66,1
5,71,20,23,1
5,68,33,53,1
5,41,71,57,0
5,71,48,59,1
5,61,58,69,1
5,14,50,69,0
5,28,27,78,1
5,19,68,24,0
5,48,60,67,0
5,22,41,67,0
5,50,66,56,0
5,42,26,70,1
5,73,50,66,1
5,21,72,59,0
5,38,70,51,0
5,29,48,68,0
5,24,51,71,0
5,36,74,61,0
5,31,66,53,0
5,47,74,39,2
5,29,67,15,2
5,25,69,72,0
5,29,70,44,0
5,37,48,67,0
5,19,66,47,0
5,63,63,73,-1
5,36,66,64,0
5,20,67,42,0
5,30,69,34,0
5,38,63,74,0
5,21,31,72,0
5,41,59,69,0
5,51,38,74,1
5,48,37,71,1
5,39,67,54,0
5,24,62,68,0
5,46,32,74,1
5,66,50,51,1
5,25,43,67,0
5,27,73,24,2
5,43,64,75,0
5,56,16,66,1
5,57,48,72,1
5,67,72,57,2
5,13,36,67,0
5,21,66,24,0
5,73,51,40,2
5,23,67,32,0
5,7,23,67,0
5,23,40,70,0
5,45,67,30,2
5,26,42,67,0
5,52,67,54,0
5,11,32,66,0
5,40,27,67,1
5,18,30,69,0
5,41,56,71,0
5,64,62,69,1
5,36,66,63,0
5,65,51,68,1
5,34,63,70,0
5,51,67,59,0
5,25,71,60,0
5,34,67,31,2
5,39,40,66,0
5,20,67,29,0
5,48,60,69,0
5,42,35,66,1
5,43,32,67,1
5,55,76,57,0
5,33,60,73,0
5,59,24,68,1
5,58,65,74,0
5,47,45,68,1
5,37,58,66,0
5,59,49,67,1
5,23,30,67,0
5,63,58,67,1
5,60,32,75,1
5,24,30,68,0
5,34,66,46,0
5,14,49,66,0
5,58,59,67,0
5,63,70,58,2
5,23,68,56,0
5,51,66,74,0
5,28,50,67,0
5,43,67,60,0
5,19,69,44,0
5,45,63,66,0
5,61,66,55,2
5,50,44,69,1
5,42,38,77,1
5,67,55,55,-1
5,23,76,72,0
5,14,76,61,0
5,40,62,66,0
5,51,71,62,0
5,41,66,64,0
5,30,55,80,0
5,66,64,78,1
5,63,58,67,1
5,47,51,66,0
5,11,56,73,0
5,34,67,45,0
5,31,66,34,0
5,18,69,26,0
5,38,65,66,0
5,12,67,37,0
5,70,55,41,2
5,67,56,57,1
5,24,68,52,0
5,51,43,72,1
5,61,66,44,2
5,37,67,43,0
5,37,67,30,2
5,30,70,25,2
5,6,67,58,0
5,18,18,66,-1
5,26,67,72,0
5,39,66,64,0
5,25,72,40,0
5,32,49,66,0
5,52,66,64,0
5,46,66,30,2
5,33,62,67,0
5,16,48,68,0
5,16,52,69,0
5,52,84,63,0
5,73,54,47,2
5,21,67,51,0
5,28,71,47,0
5,39,68,49,0
5,17,69,17,-1
5,45,50,74,0
5,47,65,68,0
5,48,54,69,0
5,33,64,66,0
5,23,37,67,0
5,59,70,44,2
5,21,73,54,0
5,38,66,65,0
5,38,76,39,0
5,34,38,66,0
5,32,52,66,0
5,31,66,35,0
5,65,67,69,0
5,40,44,66,0
5,41,53,67,0
5,30,50,68,0
5,22,49,72,0
5,22,67,22,-1
5,40,66,65,0
5,58,68,51,2
5,39,76,54,0
5,11,67,41,0
5,47,45,71,1
5,29,66,50,0
5,31,67,58,0
5,33,69,44,0
5,38,32,70,1
5,15,61,73,0
5,25,71,43,0
5,12,44,66,0
5,30,77,30,-1
5,22,66,65,0
5,23,67,61,0
5,22,61,72,0
5,26,68,41,0
5,37,64,67,0
5,29,55,67,0
5,40,69,42,0
5,47,73,62,0
5,28,39,66,0
5,32,66,37,0
5,52,61,67,0
5,37,78,45,0
5,53,78,20,2
5,64,66,44,2
5,61,51,67,1
5,18,67,52,0
5,17,70,26,0
5,47,37,73,1
5,53,36,67,1
5,44,78,30,2
5,39,30,68,1
5,28,63,70,0
5,11,68,27,0
5,66,27,45,1
5,49,38,72,1
5,44,66,48,0
5,63,76,53,2
5,29,67,33,0
5,76,45,31,2
5,26,79,64,0
5,15,70,58,0
5,15,43,66,0
5,25,25,77,-1
5,37,73,33,2
5,38,67,41,0
5,33,74,53,0
5,36,72,29,2
5,36,54,68,0
5,62,56,71,1
5,43,60,74,0
5,30,50,74,0
5,34,66,41,0
5,40,65,76,0
5,7,40,67,0
5,15,67,59,0
5,16,28,68,0
5,71,46,67,1
5,13,29,70,0
5,35,30,66,1
5,24,39,66,0
5,71,19,47,1
5,61,66,59,2
5,44,56,66,0
5,35,71,55,0
5,21,67,47,0
5,27,69,54,0
5,11,66,57,0
5,22,70,20,2
5,59,72,57,2
5,38,22,66,1
5,54,71,60,0
5,59,68,61,0
5,22,43,66,0
5,55,71,65,0
5,66,64,52,2
5,47,69,74,0
5,29,68,61,0
5,51,41,75,1
5,29,36,69,0
5,53,65,85,0
5,10,69,44,0
5,53,41,68,1
5,17,66,62,0
5,26,33,71,0
5,49,50,72,0
5,11,69,43,0
5,62,52,69,1
5,22,66,51,0
5,32,66,15,2
5,26,74,60,0
5,20,63,66,0
5,49,69,30,2
5,12,59,69,0
5,15,23,87,0
5,10,58,72,0
5,54,40,76,1
5,57,74,47,2
5,49,67,50,0
5,37,38,66,0
5,42,67,35,2
5,33,74,56,0
5,67,55,56,1
5,30,68,50,0
5,68,47,24,2
5,61,57,67,1
5,16,53,66,0
5,8,66,55,0
5,43,70,65,0
5,68,35,54,1
5,43,43,85,-1
5,24,42,66,0
5,40,68,54,0
5,50,80,62,0
5,78,29,61,1
5,43,66,54,0
5,36,68,49,0
5,37,59,71,0
5,6,69,22,0
5,28,55,71,0
5,68,17,51,1
5,17,53,68,0
5,37,63,66,0
5,24,68,66,0
5,18,68,58,0
5,37,71,59,0
5,21,45,66,0
5,16,56,71,0
5,45,66,30,2
5,9,22,75,0
5,54,28,77,1
5,21,66,60,0
5,39,54,74,0
5,53,43,67,1
5,26,40,72,0
5,39,55,67,0
5,27,70,65,0
5,20,71,27,0
5,37,52,72,0
5,22,13,73,1
5,11,66,40,0
5,28,67,47,0
5,35,64,71,0
5,47,70,64,0
5,27,69,52,0
5,34,67,50,0
5,15,41,68,0
5,42,24,67,1
5,23,75,54,0
5,37,70,24,2
5,36,66,58,0
5,26,63,74,0
5,65,65,66,-1
5,28,69,48,0
5,25,68,12,2
5,49,68,40,2
5,68,40,57,1
5,48,34,66,1
5,68,63,35,2
5,25,36,76,0
5,30,41,67,0
5,53,60,69,0
5,22,67,25,0
5,26,74,40,0
5,54,66,70,0
5,59,40,67,1
5,48,65,69,0
5,51,51,73,-1
5,60,56,74,1
5,28,73,25,2
5,19,54,82,0
5,43,42,67,1
5,58,70,41,2
5,24,67,57,0
5,34,66,56,0
5,47,44,76,1
5,40,75,62,0
5,10,58,71,0
5,31,69,59,0
5,59,49,73,1
5,58,66,62,0
5,33,67,51,0
5,1,21,68,0
5,40,51,67,0
5,52,54,74,0
5,47,57,67,0
5,14,47,68,0
5,64,53,68,1
5,49,36,67,1
5,22,67,48,0
5,30,24,67,1
5,40,74,39,2
5,73,44,70,1
5,25,66,56,0
5,38,75,55,0
5,59,50,66,1
5,37,49,67,0
5,54,57,68,0
5,14,61,68,0
5,29,69,31,0
5,37,71,54,0
5,10,67,64,0
5,66,41,50,1
5,40,64,66,0
5,65,67,59,2
5,24,66,12,2
5,39,66,38,2
5,27,60,66,0
5,35,67,46,0
5,28,69,79,0
5,22,40,66,0
5,32,61,66,0
5,16,52,66,0
5,59,74,49,2
5,9,66,25,0
5,10,39,66,0
5,18,66,43,0
5,21,66,41,0
5,72,46,62,1
5,25,42,67,0
5,19,69,36,0
5,15,66,47,0
5,42,63,67,0
5,35,66,21,2
5,31,36,69,0
5,53,25,69,1
5,35,67,66,0
5,60,40,66,1
5,22,76,46,0
5,42,69,59,0
5,7,10,66,0
5,52,29,76,1
5,57,68,61,0
5,27,67,50,0
5,30,35,66,0
5,43,66,45,0
5,66,44,35,2
5,40,67,49,0
5,14,68,28,0
5,16,62,66,0
5,40,74,42,0
5,56,71,64,0
5,38,69,48,0
5,19,66,61,0
5,46,33,68,1
5,33,50,66,0
5,28,70,65,0
5,25,66,62,0
5,53,78,45,2
5,31,41,76,0
5,23,69,64,0
5,36,66,36,-1
5,41,35,69,1
5,12,66,17,0
5,42,66,59,0
5,17,80,50,0
5,34,31,79,1
5,14,28,70,0
5,36,73,57,0
5,38,67,29,2
5,69,31,56,1
5,29,67,41,0
5,66,67,47,2
5,51,66,54,0
5,23,67,23,-1
5,71,63,64,1
5,36,67,41,0
5,20,70,46,0
5,36,43,68,0
5,32,77,29,2
5,43,69,58,0
5,38,69,57,0
5,19,72,53,0
5,24,49,67,0
5,26,53,69,0
5,27,67,65,0
5,39,47,69,0
5,11,29,74,0
5,27,55,74,0
5,20,72,21,0
5,62,62,68,-1
5,50,45,67,1
5,25,67,68,0
5,35,68,63,0
5,58,56,67,1
5,24,13,66,1
5,17,63,75,0
5,27,70,58,0
5,45,46,68,0
5,47,74,62,0
5,34,34,69,-1
5,41,75,69,0
5,49,59,68,0
5,36,68,56,0
5,57,57,67,-1
5,40,73,49,0
5,34,67,70,0
5,34,74,48,0
5,52,67,53,0
5,23,22,83,1
5,20,68,39,0
5,10,39,67,0
5,10,29,66,0
5,30,66,51,0
5,28,43,75,0
5,22,45,81,0
5,20,11,68,1
5,50,68,58,0
5,16,73,41,0
5,37,66,42,0
5,38,34,71,1
5,32,43,75,0
5,42,37,66,1
5,48,70,49,0
5,34,67,34,-1
5,60,33,68,1
5,21,73,64,0
5,35,42,69,0
5,32,74,56,0
5,34,71,40,0
5,28,39,68,0
5,23,53,66,0
5,33,66,47,0
5,30,68,61,0
5,74,48,62,1
5,20,37,73,0
5,62,29,72,1
5,26,51,67,0
5,36,38,66,0
5,23,36,71,0
5,38,38,72,-1
5,41,49,67,0
5,33,33,76,-1
5,58,41,67,1
5,50,40,67,1
5,54,68,60,0
5,38,37,69,1
5,21,66,46,0
5,74,24,30,1
5,46,47,69,0
5,69,64,66,1
5,68,20,33,1
5,44,69,41,2
5,45,72,56,0
5,66,61,65,1
5,73,33,50,1
5,51,70,45,2
5,34,60,68,0
5,39,69,33,2
5,36,25,68,1
5,66,64,66,1
5,35,38,71,0
5,58,40,77,1
5,19,69,39,0
5,43,66,56,0
5,38,66,61,0
5,24,43,70,0
5,28,58,67,0
5,12,32,68,0
5,38,75,59,0
5,72,57,51,2
5,36,68,36,-1
5,70,52,43,2
5,63,61,67,1
5,54,73,57,0
5,59,53,72,1
5,46,40,66,1
5,72,41,48,1
5,37,68,49,0
5,27,48,66,0
5,16,51,66,0
5,22,48,66,0
5,73,19,41,1
5,59,57,70,1
5,39,31,72,1
5,21,70,50,0
5,24,69,51,0
5,41,58,73,0
5,44,54,69,0
5,47,43,81,1
5,54,72,63,0
5,23,69,37,0
5,29,51,68,0
5,6,31,70,0
5,14,45,66,0
5,26,43,66,0
5,10,69,33,0
5,25,37,70,0
5,66,51,30,2
5,44,47,69,0
5,31,45,79,0
5,26,82,35,0
5,25,40,68,0
5,35,58,67,0
5,46,66,72,0
5,23,68,60,0
5,13,35,67,0
5,59,69,69,0
5,30,73,42,0
5,55,53,69,1
5,36,51,66,0
5,17,49,69,0
5,58,66,39,2
5,35,56,66,0
5,50,61,67,0
5,52,58,74,0
5,58,44,66,1
5,49,66,50,0
5,27,66,26,2
5,17,33,69,0
5,47,25,69,1
5,33,67,60,0
5,29,59,67,0
5,41,46,68,0
5,53,63,71,0
5,51,47,77,1
5,49,66,50,0
5,39,69,32,2
5,57,65,66,0
5,16,35,66,0
5,40,66,39,2
5,59,69,25,2
5,49,57,66,0
5,21,70,47,0
5,63,71,75,0
5,22,65,76,0
5,40,54,66,0
5,14,68,28,0
5,26,55,70,0
5,58,79,60,0
5,36,47,66,0
5,15,41,66,0
5,30,60,72,0
5,64,69,50,2
5,37,57,68,0
5,24,48,66,0
5,68,50,53,1
5,48,47,70,1
5,44,42,66,1
5,67,51,26,2
5,25,46,73,0
5,34,55,70,0
5,36,68,38,0
5,27,47,66,0
5,50,69,51,0
5,7,15,67,0
5,32,71,57,0
5,27,25,66,1
5,16,43,70,0
5,42,68,36,2
5,33,52,67,0
5,55,69,41,2
5,67,28,29,1
5,45,71,59,0
5,13,63,69,0
5,35,72,47,0
5,63,69,61,2
5,45,71,60,0
5,51,67,53,0
5,43,67,55,0
5,24,55,67,0
5,23,76,57,0
5,48,65,73,0
5,44,65,74,0
5,54,26,67,1
5,73,49,56,1
5,19,55,66,0
5,4,9,66,0
5,35,71,39,0
5,29,62,74,0
5,38,66,57,0
5,25,66,35,0
5,21,74,56,0
5,24,38,70,0
5,28,41,66,0
5,53,62,67,0
5,35,56,67,0
5,54,46,72,1
5,44,62,70,0
5,42,71,62,0
5,16,30,76,0
5,16,71,27,0
5,69,51,55,1
5,39,64,76,0
5,26,70,61,0
5,63,53,67,1
5,49,29,70,1
5,63,42,68,1
5,51,69,59,0
5,19,66,57,0
5,27,72,46,0
5,49,61,66,0
5,11,48,68,0
5,19,50,69,0
5,65,44,73,1
5,5,67,31,0
5,41,68,60,0
5,56,71,51,2
5,7,81,44,0
5,32,55,66,0
5,24,30,66,0
5,25,36,67,0
5,23,67,38,0
5,77,38,55,1
5,28,75,63,0
5,28,62,69,0
5,23,66,44,0
5,15,66,47,0
5,54,32,66,1
5,41,71,22,2
5,50,64,71,0
5,33,39,66,0
5,36,66,27,2
5,33,70,40,0
5,45,65,68,0
5,35,55,67,0
5,11,46,74,0
5,48,56,67,0
5,13,47,68,0
5,35,51,69,0
5,24,50,67,0
5,33,39,73,0
5,21,41,74,0
5,19,79,42,0
5,67,58,52,2
5,29,66,30,0
5,22,58,70,0
5,66,61,51,2
5,64,66,57,2
5,23,70,49,0
5,35,68,39,0
5,31,47,66,0
5,38,58,74,0
5,45,67,65,0
5,33,66,22,2
5,51,57,69,0
5,63,57,72,1
5,35,48,66,0
5,37,30,69,1
5,30,66,62,0
5,62,65,84,0
5,43,67,37,2
5,45,65,68,0
5,25,73,56,0
5,41,44,77,0
5,20,70,62,0
5,27,66,64,0
5,35,25,66,1
5,40,70,64,0
5,34,72,55,0
5,21,67,34,0
5,18,78,59,0
5,20,66,29,0
5,61,51,66,1
5,52,71,51,2
5,66,60,47,2
5,42,45,73,0
5,36,47,74,0
5,71,48,49,1
5,28,68,13,2
5,37,75,23,2
5,41,62,68,0
5,40,66,46,0
5,31,13,67,1
5,34,78,49,0
5,36,74,38,0
5,43,66,72,0
5,70,26,66,1
5,27,66,54,0
5,57,67,49,2
5,23,35,68,0
5,16,51,69,0
5,24,66,69,0
5,49,43,75,1
5,20,77,43,0
5,26,71,26,-1
5,44,66,39,2
5,38,60,69,0
5,35,67,64,0
5,41,75,63,0
5,49,72,56,0
5,36,75,43,0
5,50,62,66,0
5,47,52,76,0
5,41,67,58,0
5,33,72,35,0
5,32,59,69,0
5,51,66,55,0
5,50,56,69,0
5,43,66,65,0
5,33,71,57,0
5,12,37,72,0
5,11,66,24,0
5,61,79,62,0
5,45,47,73,0
5,18,47,66,0
5,33,49,69,0
5,46,69,67,0
5,47,68,62,0
5,36,66,27,2
5,26,56,69,0
5,4,66,43,0
5,43,66,62,0
5,50,77,63,0
5,43,70,47,0
5,35,66,16,2
5,41,65,66,0
5,17,47,66,0
5,18,20,71,0
5,22,68,26,0
5,27,69,41,0
5,45,63,67,0
5,27,66,61,0
5,9,66,29,0
5,16,64,73,0
5,56,58,66,0
5,36,74,53,0
5,25,51,72,0
5,13,73,45,0
5,13,62,73,0
5,36,70,39,0
5,25,50,69,0
5,50,50,69,-1
5,54,40,74,1
5,37,66,53,0
5,44,64,66,0
5,20,46,69,0
5,43,60,66,0
5,21,46,71,0
5,24,43,67,0
5,61,29,67,1
5,30,44,69,0
5,13,37,66,0
5,28,66,61,0
5,28,14,70,1
5,18,74,36,0
5,22,52,72,0
5,52,69,53,0
5,72,61,65,1
5,58,68,34,2
5,39,64,66,0
5,36,75,44,0
5,25,70,58,0
5,29,67,61,0
5,42,76,49,0
5,15,61,66,0
5,43,15,66,1
5,30,66,62,0
5,20,66,42,0
5,32,26,67,1
5,12,67,47,0
5,30,29,66,1
5,22,47,69,0
5,43,66,43,-1
5,67,57,62,1
5,32,67,58,0
5,59,66,47,2
5,32,51,72,0
5,25,32,71,0
5,50,70,65,0
5,15,47,73,0
5,48,68,62,0
5,25,50,71,0
5,36,64,68,0
5,27,43,70,0
5,23,41,68,0
5,36,65,68,0
6,63,47,78,1
6,38,73,63,0
6,27,71,28,0
6,64,48,75,1
6,36,71,35,2
6,36,71,61,0
6,28,68,76,0
6,55,31,87,1
6,67,67,57,2
6,40,68,63,0
6,34,24,68,1
6,41,68,53,0
6,37,78,55,0
6,37,66,37,-1
6,50,68,53,0
6,34,47,70,0
6,52,31,69,1
6,26,69,37,0
6,61,69,44,2
6,65,30,68,1
6,40,49,78,0
6,29,26,70,1
6,36,53,68,0
6,17,72,21,0
6,23,58,69,0
6,54,35,66,1
6,8,70,62,0
6,67,48,29,2
6,8,71,40,0
6,68,38,42,1
6,58,68,67,0
6,9,66,63,0
6,52,61,69,0
6,30,48,66,0
6,25,72,32,0
6,15,72,32,0
6,23,70,33,0
6,38,70,34,2
6,36,59,72,0
6,49,42,66,1
6,40,56,68,0
6,51,62,77,0
6,22,72,59,0
6,8,71,11,0
6,30,53,83,0
6,41,35,66,1
6,32,70,45,0
6,37,68,69,0
6,53,75,33,2
6,16,66,31,0
6,33,37,93,0
6,12,59,75,0
6,23,69,69,0
6,57,47,67,1
6,61,58,71,1
6,45,62,66,0
6,53,67,38,2
6,47,71,42,2
6,48,51,67,0
6,14,21,70,0
6,38,71,57,0
6,41,67,50,0
6,51,72,52,0
6,61,66,62,0
6,32,69,44,0
6,31,72,54,0
6,38,81,56,0
6,62,63,66,0
6,33,70,35,0
6,52,72,57,0
6,46,60,68,0
6,30,57,66,0
6,45,26,74,1
6,29,68,50,0
6,13,69,28,0
6,59,53,67,1
6,70,21,67,1
6,20,26,70,0
6,42,57,70,0
6,51,44,70,1
6,20,66,51,0
6,66,28,40,1
6,26,58,77,0
6,44,5,78,1
6,31,68,47,0
6,19,51,66,0
6,40,13,67,1
6,20,30,67,0
6,11,41,72,0
6,15,67,35,0
6,34,44,66,0
6,39,66,28,2
6,36,75,67,0
6,31,68,37,0
6,60,66,67,0
6,46,71,59,0
6,54,73,53,2
6,56,64,67,0
6,48,71,44,2
6,31,42,73,0
6,26,70,65,0
6,52,49,68,1
6,27,66,65,0
6,63,63,71,-1
6,72,60,45,2
6,11,63,67,0
6,6,20,83,0
6,47,70,40,2
6,19,26,67,0
6,33,82,32,2
6,57,63,75,0
6,72,58,33,2
6,41,20,70,1
6,22,66,58,0
6,20,58,66,0
6,41,73,48,0
6,19,51,66,0
6,58,72,55,2
6,53,72,46,2
6,42,56,66,0
6,31,56,66,0
6,46,65,69,0
6,50,67,50,-1
6,35,75,56,0
6,34,33,73,1
6,22,19,72,1
6,37,67,56,0
6,29,60,68,0
6,23,57,72,0
6,25,18,67,1
6,47,70,75,0
6,21,67,33,0
6,53,68,35,2
6,34,78,46,0
6,46,24,71,1
6,43,67,70,0
6,61,59,69,1
6,35,61,68,0
6,49,66,35,2
6,33,47,67,0
6,26,69,38,0
6,10,66,61,0
6,63,36,77,1
6,66,47,58,1
6,23,48,66,0
6,11,68,43,0
6,50,65,72,0
6,4,72,46,0
6,49,67,29,2
6,24,69,64,0
6,55,71,68,0
6,54,66,55,0
6,67,29,23,2
6,20,81,57,0
6,30,66,28,2
6,68,46,48,1
6,47,52,68,0
6,44,80,72,0
6,44,67,64,0
6,59,44,67,1
6,31,31,74,-1
6,55,39,73,1
6,52,69,25,2
6,18,67,37,0
6,49,61,76,0
6,74,63,72,1
6,41,67,45,0
6,35,42,71,0
6,21,57,69,0
6,18,67,66,0
6,41,75,71,0
6,9,73,17,0
6,44,72,43,2
6,20,68,44,0
6,15,68,14,2
6,39,45,74,0
6,46,58,75,0
6,31,67,52,0
6,28,39,66,0
6,48,83,53,0
6,24,72,47,0
6,17,69,47,0
6,51,51,69,-1
6,46,66,54,0
6,22,61,82,0
6,29,71,43,0
6,27,64,68,0
6,34,33,67,1
6,31,65,70,0
6,7,69,30,0
6,29,69,38,0
6,51,58,69,0
6,20,68,30,0
6,51,61,72,0
6,15,67,23,0
6,59,20,68,1
6,46,67,71,0
6,12,35,68,0
6,29,68,34,0
6,47,68,56,0
6,63,50,70,1
6,37,61,72,0
6,14,73,53,0
6,51,62,67,0
6,44,51,72,0
6,65,47,70,1
6,71,48,67,1
6,56,68,44,2
6,50,67,77,0
6,43,53,71,0
6,22,20,68,1
6,70,67,53,2
6,37,62,75,0
6,26,80,56,0
6,70,58,60,1
6,30,35,78,0
6,28,75,40,0
6,36,69,36,-1
6,39,25,75,1
6,42,63,68,0
6,27,50,72,0
6,6,16,68,0
6,6,77,24,0
6,42,67,65,0
6,38,40,75,0
6,43,72,48,0
6,65,57,79,1
6,52,71,25,2
6,52,66,82,0
6,35,71,64,0
6,36,36,71,-1
6,33,44,66,0
6,22,56,70,0
6,65,73,52,2
6,35,78,48,0
6,17,52,70,0
6,78,70,62,2
6,10,26,69,0
6,29,67,35,0
6,38,67,65,0
6,69,48,66,1
6,36,29,68,1
6,52,41,66,1
6,48,77,27,2
6,72,65,65,-1
6,51,45,67,1
6,25,74,58,0
6,28,67,38,0
6,36,61,73,0
6,32,58,70,0
6,72,42,48,1
6,50,77,61,0
6,18,70,39,0
6,18,52,83,0
6,34,49,66,0
6,18,75,44,0
6,37,68,65,0
6,35,68,61,0
6,71,35,45,1
6,13,24,68,0
6,31,80,42,0
6,27,68,45,0
6,66,44,65,1
6,41,66,61,0
6,31,63,67,0
6,48,72,42,2
6,33,46,69,0
6,10,66,71,0
6,36,46,66,0
6,56,74,50,2
6,49,35,71,1
6,40,46,66,0
6,58,39,68,1
6,24,61,68,0
6,19,54,67,0
6,57,73,65,0
6,52,66,62,0
6,31,66,62,0
6,38,34,68,1
6,23,67,60,0
6,11,20,68,0
6,39,76,39,-1
6,37,39,73,0
6,46,74,39,2
6,37,54,67,0
6,28,45,67,0
6,28,39,74,0
6,31,74,42,0
6,30,66,62,0
6,51,67,50,2
6,29,61,67,0
6,24,66,34,0
6,26,71,60,0
6,27,66,59,0
6,19,66,61,0
6,29,75,45,0
6,36,71,36,-1
6,37,44,69,0
6,23,61,71,0
6,24,14,66,1
6,24,36,67,0
6,68,51,60,1
6,24,25,76,0
6,33,75,79,0
6,50,74,58,0
6,67,67,31,2
6,24,70,51,0
6,68,40,48,1
6,34,44,74,0
6,38,70,66,0
6,23,27,67,0
6,41,47,68,0
6,30,71,45,0
6,36,66,58,0
6,18,45,68,0
6,26,72,34,0
6,43,50,67,0
6,34,67,38,0
6,26,34,67,0
6,45,68,55,0
6,51,29,70,1
6,46,26,68,1
6,68,46,53,1
6,59,68,55,2
6,26,66,73,0
6,12,25,67,0
6,34,67,50,0
6,66,51,37,2
6,36,67,60,0
6,20,34,69,0
6,59,43,68,1
6,13,68,42,0
6,32,61,73,0
6,39,68,65,0
6,35,41,74,0
6,19,25,68,0
6,31,66,56,0
6,38,80,53,0
6,52,69,66,0
6,29,71,57,0
6,66,63,71,1
6,36,31,66,1
6,10,59,67,0
6,71,61,67,1
6,67,50,45,2
6,23,78,31,0
6,50,44,73,1
6,41,39,66,1
6,21,36,68,0
6,5,72,40,0
6,31,63,69,0
6,41,54,76,0
6,50,24,75,1
6,31,25,72,1
6,61,67,64,0
6,34,77,13,2
6,28,66,55,0
6,12,16,70,0
6,29,51,69,0
6,57,67,45,2
6,71,59,70,1
6,5,59,71,0
6,32,60,73,0
6,49,63,67,0
6,14,73,34,0
6,15,68,40,0
6,57,63,69,0
6,33,50,71,0
6,31,62,66,0
6,23,57,66,0
6,49,67,64,0
6,30,66,57,0
6,44,68,57,0
6,47,40,67,1
6,37,51,67,0
6,52,61,66,0
6,10,67,44,0
6,48,67,32,2
6,47,66,67,0
6,21,65,69,0
6,68,42,39,2
6,64,54,68,1
6,70,30,46,1
6,33,68,49,0
6,43,67,33,2
6,39,69,59,0
6,15,71,56,0
6,69,63,36,2
6,13,69,46,0
6,56,72,48,2
6,7,71,31,0
6,43,74,60,0
6,56,55,66,1
6,26,71,48,0
6,35,59,69,0
6,36,28,72,1
6,30,68,55,0
6,12,66,24,0
6,40,68,41,0
6,28,31,77,0
6,41,50,66,0
6,79,53,49,2
6,55,69,53,2
6,67,62,49,2
6,29,68,28,2
6,55,43,82,1
6,70,59,67,1
6,35,56,71,0
6,24,66,60,0
6,63,60,66,1
6,20,43,76,0
6,57,39,74,1
6,34,27,69,1
6,43,68,74,0
6,59,69,55,2
6,22,52,67,0
6,43,65,79,0
6,86,58,52,2
6,60,65,72,0
6,22,73,55,0
6,17,69,44,0
6,20,57,70,0
6,34,43,72,0
6,59,67,65,0
6,21,70,55,0
6,51,63,71,0
6,69,55,67,1
6,70,57,51,2
6,35,26,68,1
6,33,65,72,0
6,43,66,60,0
6,18,73,23,0
6,43,67,45,0
6,41,70,62,0
6,66,76,48,2
6,65,26,74,1
6,66,65,46,2
6,45,66,73,0
6,46,72,60,0
6,39,39,67,-1
6,49,68,43,2
6,21,36,69,0
6,30,15,80,1
6,40,76,74,0
6,29,66,66,0
6,38,68,71,0
6,56,71,53,2
6,34,47,67,0
6,15,75,35,0
6,57,66,47,2
6,64,75,59,2
6,21,78,59,0
6,38,69,72,0
6,54,47,66,1
6,45,71,54,0
6,27,65,70,0
6,20,61,70,0
6,26,36,66,0
6,38,16,70,1
6,61,54,68,1
6,37,69,54,0
6,33,71,41,0
6,54,71,73,0
6,24,26,66,0
6,41,68,51,0
6,42,36,69,1
6,57,73,65,0
6,49,35,79,1
6,45,69,49,0
6,41,55,66,0
6,28,50,66,0
6,40,50,66,0
6,49,71,57,0
6,28,59,74,0
6,67,57,64,1
6,29,67,49,0
6,38,52,70,0
6,41,44,72,0
6,50,33,68,1
6,34,57,72,0
6,57,76,39,2
6,23,78,25,0
6,36,68,46,0
6,44,51,66,0
6,33,63,71,0
6,59,69,28,2
6,39,77,61,0
6,23,44,70,0
6,46,64,69,0
6,51,42,75,1
6,33,36,69,0
6,37,67,45,0
6,22,35,67,0
6,15,34,67,0
6,61,66,41,2
6,58,67,47,2
6,13,68,38,0
6,26,45,70,0
6,40,72,47,0
6,15,68,32,0
6,45,58,73,0
6,42,58,79,0
6,65,84,46,2
6,55,66,52,2
6,27,68,44,0
6,39,39,66,-1
6,27,67,31,0
6,69,64,61,2
6,14,69,34,0
6,29,68,44,0
6,37,39,67,0
6,60,61,67,0
6,49,46,66,1
6,53,77,25,2
6,38,60,67,0
6,19,63,66,0
6,70,44,63,1
6,23,69,55,0
6,67,35,66,1
6,24,66,49,0
6,35,79,57,0
6,81,25,37,1
6,49,66,58,0
6,19,66,32,0
6,37,71,63,0
6,17,29,67,0
6,44,87,49,0
6,50,67,58,0
6,20,75,63,0
6,39,43,66,0
6,57,79,32,2
6,15,60,73,0
6,18,67,48,0
6,59,71,52,2
6,45,65,70,0
6,19,69,30,0
6,23,26,75,0
6,44,56,82,0
6,49,37,67,1
6,32,61,76,0
6,40,66,68,0
6,18,46,68,0
6,58,57,73,1
6,39,72,40,0
6,46,68,33,2
6,47,58,66,0
6,52,34,69,1
6,25,66,61,0
6,46,66,45,2
6,29,82,42,0
6,35,69,57,0
6,23,64,77,0
6,30,71,59,0
6,42,59,68,0
6,36,65,67,0
6,38,29,66,1
6,8,67,31,0
6,39,66,23,2
6,19,69,35,0
6,25,42,66,0
6,43,68,60,0
6,29,65,69,0
6,40,74,66,0
6,42,74,34,2
6,29,72,50,0
6,31,52,69,0
6,29,67,58,0
6,35,66,32,2
6,54,66,64,0
6,42,54,71,0
6,37,70,34,2
6,40,71,50,0
6,41,81,37,2
6,40,67,59,0
6,38,67,66,0
6,43,50,67,0
6,54,70,55,0
6,39,66,62,0
6,56,34,69,1
6,24,78,44,0
6,22,64,76,0
6,45,45,68,-1
6,32,76,51,0
6,43,66,46,0
6,12,66,43,0
6,74,51,29,2
6,43,68,22,2
6,44,58,69,0
6,56,68,54,2
6,17,33,71,0
6,63,61,68,1
6,32,73,60,0
6,23,68,43,0
6,46,66,67,0
6,13,39,73,0
6,25,49,67,0
6,48,58,73,0
6,41,49,67,0
6,25,56,66,0
6,26,32,75,0
6,60,68,54,2
6,21,40,70,0
6,66,30,69,1
6,35,67,54,0
6,35,51,69,0
6,34,68,52,0
6,50,42,72,1
6,52,41,66,1
6,26,68,65,0
6,22,39,70,0
6,27,67,49,0
6,51,66,45,2
6,33,45,68,0
6,33,47,74,0
6,16,74,65,0
6,35,52,66,0
6,26,68,40,0
6,23,21,69,1
6,19,69,37,0
6,59,47,72,1
6,29,60,70,0
6,35,71,45,0
6,41,71,52,0
6,45,70,46,0
6,21,74,54,0
6,32,69,49,0
6,67,30,62,1
6,58,66,51,2
6,58,66,46,2
6,21,70,53,0
6,47,68,65,0
6,8,68,37,0
6,23,79,25,0
6,28,20,71,1
6,47,67,40,2
6,46,73,45,2
6,27,69,60,0
6,42,67,40,2
6,39,30,75,1
6,30,67,52,0
6,39,49,67,0
6,28,26,68,1
6,41,77,60,0
6,31,49,73,0
6,46,53,67,0
6,34,70,78,0
6,20,69,58,0
6,58,57,66,1
6,22,52,68,0
6,37,70,47,0
6,39,69,62,0
6,17,66,39,0
6,62,73,52,2
6,39,70,51,0
6,56,67,64,0
6,48,68,57,0
6,49,66,24,2
6,29,53,76,0
6,25,66,33,0
6,45,34,68,1
6,66,62,48,2
6,31,55,74,0
6,44,76,40,2
6,24,69,22,2
6,25,69,46,0
6,66,30,28,2
6,66,67,60,2
6,46,73,25,2
6,31,57,73,0
6,25,67,49,0
6,37,88,65,0
6,66,50,53,1
6,70,52,72,1
6,51,30,66,1
6,39,46,72,0
6,49,70,67,0
6,23,41,73,0
6,36,64,71,0
6,69,61,61,-1
6,40,59,67,0
6,6,71,22,0
6,33,50,73,0
6,55,34,67,1
6,7,68,28,0
6,38,33,68,1
6,26,70,52,0
6,35,68,72,0
6,40,51,70,0
6,29,57,73,0
6,21,67,33,0
6,33,22,67,1
6,41,33,66,1
6,19,66,25,0
6,9,50,77,0
6,25,46,69,0
6,46,61,69,0
6,54,69,48,2
6,40,71,25,2
6,38,41,73,0
6,38,73,48,0
6,26,69,63,0
6,53,63,66,0
6,51,52,70,0
6,37,71,66,0
6,5,22,69,0
6,36,68,69,0
6,70,41,16,2
6,23,41,66,0
6,36,50,69,0
6,32,36,69,0
6,65,71,43,2
6,67,28,51,1
6,18,23,70,0
6,32,24,73,1
6,34,76,59,0
6,12,71,42,0
6,55,67,68,0
6,31,71,26,2
6,27,66,63,0
6,34,53,72,0
6,49,52,78,0
6,73,29,45,1
6,61,68,51,2
6,29,64,70,0
6,30,53,71,0
6,53,66,50,2
6,15,66,22,0
6,44,62,68,0
6,29,71,49,0
6,40,75,44,0
6,63,51,70,1
6,12,66,55,0
6,37,54,68,0
6,26,58,81,0
6,15,51,66,0
6,21,35,68,0
6,32,70,29,2
6,42,70,62,0
6,33,68,34,0
6,29,35,67,0
6,32,70,50,0
6,9,25,72,0
6,16,78,63,0
6,30,23,74,1
6,24,75,45,0
6,49,60,69,0
6,60,71,56,2
6,60,75,49,2
6,58,71,76,0
6,51,67,66,0
6,33,56,73,0
6,13,67,23,0
6,32,73,59,0
6,37,55,73,0
6,39,66,51,0
6,47,47,78,-1
6,10,67,49,0
6,26,70,66,0
6,32,72,21,2
6,29,42,70,0
6,60,65,72,0
6,32,67,62,0
6,29,27,68,1
6,45,30,74,1
6,43,56,72,0
6,36,38,67,0
6,49,69,26,2
6,46,55,75,0
6,30,68,17,2
6,54,67,34,2
6,67,56,63,1
6,25,23,67,1
6,61,68,61,-1
6,42,56,82,0
6,50,32,72,1
6,59,55,72,1
6,37,75,47,0
6,52,67,54,0
6,59,60,66,0
6,25,67,69,0
6,34,66,77,0
6,21,66,53,0
6,20,67,65,0
6,22,39,74,0
6,27,53,70,0
6,21,35,71,0
6,30,70,67,0
6,55,67,46,2
6,39,69,63,0
6,22,28,67,0
6,29,74,65,0
6,71,56,60,1
6,42,49,74,0
6,30,69,34,0
6,36,69,66,0
6,59,73,42,2
6,10,64,68,0
6,29,29,66,-1
6,53,48,68,1
6,61,74,31,2
6,61,66,39,2
6,47,48,66,0
6,17,41,67,0
6,39,74,59,0
6,33,55,71,0
6,64,49,66,1
6,35,66,52,0
6,36,41,74,0
6,30,60,74,0
6,41,78,61,0
6,60,82,30,2
6,30,38,66,0
6,39,61,68,0
6,27,28,73,0
6,24,65,66,0
6,24,66,62,0
6,49,68,57,0
6,24,17,72,1
6,29,69,21,2
6,47,27,67,1
6,20,66,58,0
6,23,37,67,0
6,27,66,33,0
6,33,49,67,0
6,25,66,57,0
6,32,72,50,0
6,36,68,41,0
6,33,41,74,0
6,44,75,30,2
6,22,50,71,0
6,30,73,54,0
6,62,36,76,1
6,47,37,72,1
6,56,54,68,1
6,23,67,22,2
6,51,70,48,2
6,40,54,66,0
6,24,45,66,0
6,21,39,71,0
6,44,38,66,1
6,25,39,67,0
6,16,69,66,0
6,33,40,68,0
6,51,48,69,1
6,31,68,59,0
6,60,57,77,1
6,22,68,5,2
6,51,69,50,2
6,50,73,55,0
6,43,66,57,0
6,66,48,63,1
6,27,68,65,0
6,46,46,67,-1
6,21,46,75,0
6,22,45,82,0
6,34,61,67,0
6,41,77,51,0
6,54,73,56,0
6,37,45,71,0
6,18,10,70,1
6,47,69,48,0
6,48,75,51,0
6,18,62,67,0
6,63,47,77,1
6,18,43,70,0
6,68,64,44,2
6,12,66,37,0
6,44,70,24,2
6,8,18,71,0
6,11,45,74,0
6,38,66,25,2
6,48,68,57,0
6,45,44,79,1
6,33,66,67,0
6,64,69,51,2
6,46,75,63,0
6,39,66,64,0
6,42,72,63,0
6,60,35,68,1
6,17,48,67,0
6,81,57,44,2
6,49,69,74,0
6,24,69,61,0
6,20,68,30,0
6,47,70,63,0
6,56,56,74,-1
6,36,50,67,0
6,13,75,28,0
6,17,62,68,0
6,43,56,69,0
6,39,72,73,0
6,44,69,59,0
6,33,73,44,0
6,67,47,32,2
6,53,36,66,1
6,55,75,25,2
6,57,73,50,2
6,54,67,54,-1
6,40,31,69,1
6,70,41,25,2
6,27,68,56,0
6,32,66,65,0
6,11,78,37,0
6,44,55,68,0
6,67,55,52,2
6,35,36,66,0
6,49,67,54,0
6,34,58,67,0
6,42,37,66,1
6,42,63,68,0
6,39,83,60,0
6,62,68,43,2
6,20,68,21,0
6,9,49,66,0
6,23,66,36,0
6,32,52,74,0
6,27,71,46,0
6,72,58,64,1
6,20,51,66,0
6,74,63,62,2
6,61,48,68,1
6,34,28,66,1
6,44,58,69,0
6,21,37,68,0
6,24,76,44,0
6,45,76,59,0
6,20,70,53,0
6,61,70,38,2
6,62,58,70,1
6,44,57,70,0
6,62,72,58,2
6,58,57,68,1
6,33,64,71,0
6,36,67,42,0
6,46,75,37,2
6,60,71,49,2
6,33,67,22,2
6,36,61,66,0
6,45,70,27,2
6,26,67,52,0
6,26,65,67,0
6,45,41,83,1
6,21,57,74,0
6,16,66,66,0
6,37,45,70,0
6,41,61,79,0
6,63,69,61,2
6,44,67,67,0
6,33,73,71,0
6,57,66,73,0
6,58,63,76,0
6,69,57,59,1
6,46,68,59,0
6,58,68,48,2
6,58,68,49,2
6,45,57,67,0
6,16,69,42,0
6,70,42,27,2
6,30,57,66,0
6,52,66,73,0
6,38,45,67,0
6,62,72,55,2
6,73,52,47,2
6,56,61,70,0
6,9,15,67,0
6,29,40,67,0
6,36,49,67,0
6,28,23,73,1
6,12,20,75,0
6,36,35,69,1
6,24,65,69,0
6,34,43,72,0
6,33,52,69,0
6,47,71,56,0
6,59,47,66,1
6,21,68,63,0
6,46,68,49,0
6,26,71,38,0
6,38,45,71,0
6,58,52,69,1
6,35,70,61,0
6,40,45,70,0
6,21,67,25,0
6,19,55,68,0
6,27,39,68,0
6,48,66,38,2
6,35,46,68,0
6,30,51,68,0
6,31,31,68,-1
6,46,49,67,0
6,44,75,61,0
6,77,66,56,2
6,36,83,37,0
6,22,71,61,0
6,35,45,70,0
6,35,20,80,1
6,33,59,78,0
6,33,67,60,0
6,19,75,59,0
7,66,54,54,-1
7,57,54,74,1
7,35,68,66,0
7,16,74,64,0
7,72,62,66,1
7,30,72,62,0
7,59,61,68,0
7,57,74,61,0
7,24,69,44,0
7,67,46,63,1
7,41,67,70,0
7,34,61,76,0
7,60,75,59,2
7,53,69,64,0
7,11,72,36,0
7,56,55,67,1
7,29,66,48,0
7,22,67,53,0
7,47,66,65,0
7,43,66,54,0
7,44,67,50,0
7,36,59,70,0
7,44,69,50,0
7,38,72,49,0
7,12,66,58,0
7,31,18,72,1
7,61,50,68,1
7,41,56,67,0
7,21,68,61,0
7,23,68,64,0
7,24,78,27,0
7,24,47,68,0
7,37,63,70,0
7,70,33,39,1
7,26,69,64,0
7,68,39,35,2
7,8,45,67,0
7,15,55,72,0
7,31,63,67,0
7,38,74,31,2
7,37,62,69,0
7,28,67,61,0
7,17,56,70,0
7,66,68,62,2
7,30,71,23,2
7,46,41,66,1
7,34,74,43,0
7,36,65,67,0
7,39,71,47,0
7,14,16,70,0
7,33,29,66,1
7,23,67,29,0
7,34,60,67,0
7,27,61,79,0
7,63,55,66,1
7,47,74,59,0
7,32,76,65,0
7,21,60,68,0
7,19,21,73,0
7,31,69,37,0
7,67,35,43,1
7,46,46,70,-1
7,32,78,30,2
7,26,73,37,0
7,35,66,58,0
7,43,73,47,0
7,32,70,61,0
7,31,68,58,0
7,73,50,52,1
7,30,69,19,2
7,16,63,68,0
7,66,50,47,2
7,24,45,68,0
7,24,71,57,0
7,46,41,85,1
7,37,66,40,0
7,69,42,66,1
7,44,66,45,0
7,30,79,68,0
7,33,73,40,0
7,43,57,85,0
7,39,63,67,0
7,52,61,72,0
7,42,53,78,0
7,41,37,67,1
7,20,22,67,0
7,37,35,72,1
7,38,50,70,0
7,14,43,67,0
7,36,21,72,1
7,64,65,79,0
7,41,67,37,2
7,42,55,71,0
7,39,58,73,0
7,15,57,70,0
7,14,39,77,0
7,46,74,57,0
7,29,40,67,0
7,13,13,75,-1
7,29,66,20,2
7,41,61,66,0
7,36,67,66,0
7,62,60,71,1
7,47,71,44,2
7,22,22,66,-1
7,20,54,75,0
7,37,69,58,0
7,30,41,66,0
7,50,41,66,1
7,55,71,55,-1
7,71,64,57,2
7,29,41,66,0
7,40,68,48,0
7,31,49,86,0
7,31,75,14,2
7,46,74,63,0
7,18,70,62,0
7,47,58,66,0
7,56,62,76,0
7,66,35,19,2
7,66,4,23,1
7,29,69,73,0
7,32,71,61,0
7,38,56,86,0
7,22,75,64,0
7,22,45,74,0
7,40,50,70,0
7,25,39,72,0
7,25,72,58,0
7,12,66,75,0
7,28,66,26,2
7,35,66,48,0
7,41,49,66,0
7,63,48,69,1
7,21,66,47,0
7,30,70,33,0
7,1,64,70,0
7,37,80,44,0
7,19,71,46,0
7,64,51,68,1
7,39,51,66,0
7,33,66,67,0
7,30,66,59,0
7,26,47,67,0
7,16,57,72,0
7,68,69,64,2
7,67,40,34,2
7,24,75,54,0
7,32,67,42,0
7,32,69,40,0
7,45,74,69,0
7,40,45,68,0
7,38,73,58,0
7,30,54,73,0
7,39,39,68,-1
7,36,32,69,1
7,6,68,35,0
7,43,61,71,0
7,69,60,55,2
7,56,49,66,1
7,57,66,40,2
7,46,40,79,1
7,31,66,73,0
7,66,60,78,1
7,29,51,70,0
7,23,70,37,0
7,30,54,68,0
7,13,36,66,0
7,35,52,67,0
7,35,80,77,0
7,50,67,60,0
7,8,32,72,0
7,42,77,63,0
7,41,69,63,0
7,16,38,66,0
7,50,71,53,0
7,50,69,48,2
7,44,75,58,0
7,43,53,66,0
7,52,57,67,0
7,24,32,71,0
7,25,45,75,0
7,36,67,54,0
7,9,69,46,0
7,62,65,76,0
7,18,58,67,0
7,27,47,81,0
7,36,67,56,0
7,41,67,59,0
7,18,66,69,0
7,47,69,39,2
7,66,47,69,1
7,28,66,65,0
7,10,74,47,0
7,25,66,42,0
7,39,61,67,0
7,36,74,53,0
7,26,76,34,0
7,19,70,63,0
7,37,25,81,1
7,41,39,77,1
7,49,73,68,0
7,28,68,63,0
7,46,75,42,2
7,77,58,63,1
7,54,52,66,1
7,14,57,67,0
7,74,48,69,1
7,45,57,71,0
7,50,72,50,-1
7,39,61,75,0
7,33,70,50,0
7,71,64,45,2
7,40,52,68,0
7,38,51,75,0
7,29,50,68,0
7,23,71,31,0
7,26,39,69,0
7,30,51,69,0
7,20,63,71,0
7,49,24,81,1
7,63,44,68,1
7,39,79,63,0
7,12,68,37,0
7,67,22,52,1
7,24,71,44,0
7,17,68,37,0
7,22,24,70,0
7,25,55,71,0
7,66,78,68,0
7,41,79,49,0
7,40,33,66,1
7,54,77,54,-1
7,31,67,35,0
7,39,64,74,0
7,33,67,75,0
7,74,59,27,2
7,37,52,69,0
7,23,68,46,0
7,14,55,76,0
7,37,58,70,0
7,27,68,70,0
7,52,67,43,2
7,49,66,57,0
7,73,39,62,1
7,49,68,51,0
7,39,66,55,0
7,19,72,38,0
7,52,72,59,0
7,34,61,73,0
7,23,28,69,0
7,43,51,80,0
7,67,25,72,1
7,32,66,52,0
7,47,58,70,0
7,17,88,47,0
7,18,68,48,0
7,63,83,31,2
7,48,67,42,2
7,47,57,74,0
7,21,44,66,0
7,66,56,70,1
7,49,78,67,0
7,32,35,72,0
7,12,21,66,0
7,71,28,65,1
7,32,42,80,0
7,35,74,62,0
7,56,67,50,2
7,16,42,66,0
7,37,66,63,0
7,20,43,68,0
7,28,30,74,0
7,65,63,73,1
7,42,45,78,0
7,51,62,69,0
7,66,69,61,2
7,41,48,66,0
7,58,45,78,1
7,63,69,27,2
7,18,45,70,0
7,71,59,53,2
7,45,78,31,2
7,25,48,74,0
7,48,60,66,0
7,18,14,75,1
7,66,28,38,1
7,24,41,68,0
7,31,67,52,0
7,67,73,25,2
7,51,73,67,0
7,34,73,32,2
7,7,70,59,0
7,66,74,62,2
7,37,81,37,-1
7,21,37,69,0
7,72,35,65,1
7,11,67,53,0
7,62,70,47,2
7,40,77,53,0
7,45,46,72,0
7,62,68,61,2
7,29,38,70,0
7,33,75,37,0
7,58,74,77,0
7,46,68,65,0
7,38,74,18,2
7,21,21,67,-1
7,29,57,71,0
7,16,81,35,0
7,42,69,62,0
7,59,67,81,0
7,61,77,62,0
7,19,50,69,0
7,24,53,71,0
7,46,68,63,0
7,19,66,44,0
7,54,62,68,0
7,30,69,41,0
7,29,70,84,0
7,33,43,67,0
7,51,67,53,0
7,21,42,73,0
7,50,69,44,2
7,28,42,94,0
7,17,63,66,0
7,1,44,74,0
7,66,61,65,1
7,40,60,72,0
7,34,71,40,0
7,46,59,66,0
7,59,49,78,1
7,47,71,65,0
7,28,70,52,0
7,33,67,65,0
7,47,66,62,0
7,23,78,65,0
7,40,45,66,0
7,13,62,82,0
7,35,66,26,2
7,40,66,46,0
7,40,53,82,0
7,55,83,53,2
7,32,67,36,0
7,43,66,50,0
7,16,71,56,0
7,32,31,80,1
7,43,69,76,0
7,63,67,75,0
7,47,42,77,1
7,30,68,30,-1
7,27,66,39,0
7,32,77,58,0
7,34,48,71,0
7,66,36,54,1
7,45,75,49,0
7,49,66,24,2
7,36,50,66,0
7,33,72,22,2
7,37,41,75,0
7,26,74,56,0
7,27,77,51,0
7,29,73,52,0
7,40,69,60,0
7,32,69,56,0
7,39,34,67,1
7,22,77,22,-1
7,19,31,67,0
7,28,40,70,0
7,24,43,69,0
7,37,45,66,0
7,29,21,66,1
7,26,47,83,0
7,29,43,71,0
7,17,21,66,0
7,34,74,68,0
7,68,38,60,1
7,57,46,71,1
7,17,30,68,0
7,70,59,67,1
7,63,56,69,1
7,32,55,67,0
7,23,78,53,0
7,55,63,77,0
7,37,37,70,-1
7,71,74,66,2
7,35,77,55,0
7,22,65,76,0
7,12,67,26,0
7,8,70,39,0
7,66,19,55,1
7,62,31,68,1
7,71,44,48,1
7,16,40,66,0
7,51,70,42,2
7,52,45,83,1
7,70,68,34,2
7,22,19,68,1
7,38,69,63,0
7,34,49,71,0
7,68,70,51,2
7,46,52,74,0
7,37,75,67,0
7,71,62,46,2
7,48,42,66,1
7,22,43,70,0
7,74,40,67,1
7,45,46,80,0
7,55,64,74,0
7,27,68,56,0
7,20,51,71,0
7,24,74,33,0
7,44,39,67,1
7,35,39,72,0
7,14,46,66,0
7,8,47,76,0
7,19,74,43,0
7,31,67,49,0
7,17,15,71,1
7,38,77,47,0
7,12,32,69,0
7,78,40,49,1
7,21,74,65,0
7,68,52,50,2
7,30,71,20,2
7,54,40,67,1
7,49,61,68,0
7,33,59,70,0
7,19,79,76,0
7,39,69,50,0
7,22,42,76,0
7,17,58,66,0
7,64,48,67,1
7,53,55,69,0
7,30,39,66,0
7,22,49,72,0
7,31,75,58,0
7,75,67,59,2
7,47,66,61,0
7,56,49,75,1
7,9,68,35,0
7,10,68,66,0
7,76,18,55,1
7,27,75,28,0
7,31,63,66,0
7,22,76,50,0
7,25,70,32,0
7,28,51,71,0
7,46,63,67,0
7,11,75,44,0
7,24,70,65,0
7,51,53,66,0
7,36,72,66,0
7,49,52,75,0
7,21,64,82,0
7,34,69,28,2
7,40,67,58,0
7,57,46,68,1
7,10,66,28,0
7,79,12,32,1
7,46,67,30,2
7,27,35,66,0
7,17,36,67,0
7,21,38,72,0
7,46,75,62,0
7,30,70,38,0
7,68,56,50,2
7,20,72,39,0
7,36,58,69,0
7,48,65,77,0
7,42,85,65,0
7,22,54,72,0
7,47,39,66,1
7,51,68,55,0
7,42,40,75,1
7,23,63,67,0
7,68,48,41,2
7,22,33,66,0
7,57,42,69,1
7,43,50,66,0
7,24,50,67,0
7,70,64,33,2
7,67,58,59,1
7,53,62,71,0
7,72,50,58,1
7,2,33,67,0
7,11,39,69,0
7,51,68,45,2
7,67,67,60,2
7,15,53,82,0
7,38,66,34,2
7,49,72,63,0
7,39,68,14,2
7,26,47,69,0
7,36,65,69,0
7,38,67,62,0
7,27,59,68,0
7,70,53,68,1
7,23,74,61,0
7,25,68,59,0
7,66,56,61,1
7,59,62,74,0
7,54,52,73,1
7,24,66,49,0
7,5,66,34,0
7,28,68,65,0
7,59,52,67,1
7,27,31,69,0
7,44,75,62,0
7,38,74,69,0
7,46,45,73,1
7,36,67,39,0
7,28,29,68,0
7,15,67,36,0
7,37,70,74,0
7,58,40,70,1
7,27,24,76,1
7,25,48,73,0
7,43,71,72,0
7,26,75,54,0
7,25,36,77,0
7,32,67,59,0
7,17,45,76,0
7,80,53,45,2
7,26,69,60,0
7,40,81,65,0
7,20,66,53,0
7,68,60,80,1
7,42,30,67,1
7,57,35,73,1
7,30,69,43,0
7,36,55,66,0
7,42,37,66,1
7,26,69,61,0
7,46,37,70,1
7,42,45,66,0
7,56,71,78,0
7,57,43,68,1
7,34,94,57,0
7,27,67,59,0
7,43,77,18,2
7,16,77,61,0
7,66,35,66,1
7,7,26,67,0
7,35,23,66,1
7,66,52,59,1
7,28,68,59,0
7,35,51,68,0
7,67,50,51,1
7,37,74,53,0
7,30,72,38,0
7,22,67,36,0
7,49,67,55,0
7,54,70,63,0
7,50,60,67,0
7,25,66,54,0
7,18,75,40,0
7,18,71,58,0
7,24,67,54,0
7,41,73,67,0
7,16,55,70,0
7,50,44,67,1
7,33,68,70,0
7,27,60,73,0
7,55,70,72,0
7,28,74,52,0
7,51,67,70,0
7,43,67,37,2
7,21,70,63,0
7,48,59,67,0
7,77,63,38,2
7,39,52,67,0
7,35,78,58,0
7,48,70,27,2
7,47,66,60,0
7,68,42,37,2
7,27,45,67,0
7,41,74,50,0
7,31,74,62,0
7,30,38,66,0
7,26,42,69,0
7,31,46,72,0
7,57,51,83,1
7,19,52,69,0
7,54,68,38,2
7,49,59,68,0
7,49,73,28,2
7,52,59,71,0
7,42,69,51,0
7,31,75,62,0
7,44,76,61,0
7,35,61,71,0
7,12,66,12,-1
7,34,59,74,0
7,44,59,72,0
7,37,73,72,0
7,41,54,67,0
7,39,47,71,0
7,34,82,38,0
7,29,49,66,0
7,46,79,32,2
7,28,87,43,0
7,29,38,69,0
7,68,42,72,1
7,9,68,78,0
7,36,72,65,0
7,53,67,87,0
7,38,66,65,0
7,67,44,45,1
7,36,67,66,0
7,33,77,57,0
7,33,38,68,0
7,35,55,75,0
7,63,75,59,2
7,72,53,59,1
7,53,52,67,1
7,39,38,74,1
7,22,40,70,0
7,24,59,69,0
7,38,70,47,0
7,48,66,25,2
7,63,71,60,2
7,27,49,73,0
7,21,42,67,0
7,19,66,52,0
7,21,39,68,0
7,46,68,62,0
7,30,71,60,0
7,32,33,75,0
7,37,71,50,0
7,38,23,72,1
7,48,79,62,0
7,53,66,37,2
7,28,88,64,0
7,29,44,69,0
7,40,50,73,0
7,37,77,45,0
7,45,67,42,2
7,15,46,72,0
7,41,62,69,0
7,75,59,42,2
7,26,67,59,0
7,25,75,32,0
7,51,46,73,1
7,79,60,59,2
7,13,66,39,0
7,67,31,42,1
7,29,46,66,0
7,30,58,76,0
7,26,69,28,0
7,68,45,66,1
7,66,64,52,2
7,23,33,76,0
7,34,47,66,0
7,46,76,46,-1
7,50,69,63,0
7,47,64,68,0
7,25,75,53,0
7,64,69,52,2
7,59,66,57,2
7,33,68,38,0
7,64,57,70,1
7,46,47,66,0
7,35,59,67,0
7,21,68,41,0
7,77,58,55,2
7,45,46,76,0
7,29,58,70,0
7,61,68,46,2
7,47,66,85,0
7,40,69,25,2
7,58,67,73,0
7,27,45,76,0
7,48,82,58,0
7,32,49,74,0
7,68,55,40,2
7,29,61,80,0
7,45,56,70,0
7,29,69,33,0
7,26,62,70,0
7,42,44,81,0
7,71,62,61,2
7,50,72,33,2
7,33,72,50,0
7,55,37,70,1
7,54,57,67,0
7,64,66,44,2
7,36,80,50,0
7,33,66,59,0
7,42,62,66,0
7,23,38,81,0
7,48,67,68,0
7,71,58,32,2
7,18,30,71,0
7,32,82,41,0
7,33,54,69,0
7,32,66,31,2
7,26,67,48,0
7,37,58,66,0
7,36,63,72,0
7,57,64,66,0
7,74,36,34,2
7,50,68,51,0
7,23,42,69,0
7,68,48,66,1
7,62,47,67,1
7,63,46,68,1
7,23,66,64,0
7,44,68,64,0
7,25,55,82,0
7,33,81,64,0
7,35,67,44,0
7,34,78,52,0
7,35,46,71,0
7,44,66,67,0
7,61,67,55,2
7,36,75,63,0
7,41,30,71,1
7,13,79,54,0
7,13,40,73,0
7,34,71,56,0
7,20,72,67,0
7,22,69,48,0
7,49,66,65,0
7,45,33,69,1
7,30,74,66,0
7,29,48,66,0
7,43,56,74,0
7,25,73,60,0
7,41,71,39,2
7,27,69,64,0
7,37,30,84,1
7,43,48,66,0
7,35,72,33,2
7,43,38,74,1
7,31,53,68,0
7,29,75,55,0
7,25,70,67,0
7,19,35,68,0
7,67,64,40,2
7,63,24,66,1
7,47,37,75,1
7,40,41,68,0
7,29,32,71,0
7,72,38,46,1
7,51,55,68,0
7,64,71,70,0
7,17,40,70,0
7,47,63,70,0
7,36,26,68,1
7,64,53,68,1
7,65,57,70,1
7,34,79,18,2
7,60,55,69,1
7,44,67,69,0
7,27,41,75,0
7,19,69,77,0
7,40,74,40,-1
7,23,23,72,-1
7,37,70,47,0
7,10,48,69,0
7,44,68,64,0
7,35,66,41,0
7,63,53,69,1
7,44,67,60,0
7,56,55,79,1
7,45,59,66,0
7,32,69,21,2
7,21,36,66,0
7,61,68,70,0
7,33,67,29,2
7,47,49,72,0
7,69,66,62,2
7,68,61,39,2
7,10,71,76,0
7,50,48,75,1
7,31,69,79,0
7,31,93,16,2
7,46,58,71,0
7,67,39,44,1
7,55,50,67,1
7,35,53,69,0
7,59,61,69,0
7,27,68,60,0
7,66,68,50,2
7,60,66,28,2
7,22,71,39,0
7,36,48,68,0
7,33,62,67,0
7,25,69,50,0
7,67,45,51,1
7,39,48,66,0
7,23,66,58,0
7,31,72,38,0
7,23,68,60,0
7,46,51,68,0
7,27,35,70,0
7,23,66,24,0
7,57,66,27,2
7,68,61,74,1
7,9,33,68,0
7,38,47,70,0
7,66,63,31,2
7,62,65,67,0
7,42,75,50,0
7,66,31,45,1
7,29,61,67,0
7,13,72,62,0
7,35,66,43,0
7,44,61,77,0
7,49,62,76,0
7,31,50,80,0
7,39,68,66,0
7,60,45,78,1
7,47,66,40,2
7,70,71,58,2
7,26,69,34,0
7,33,66,35,0
7,32,74,62,0
7,46,20,69,1
7,37,68,74,0
7,24,76,31,0
7,19,60,67,0
7,31,74,67,0
7,46,64,69,0
7,12,33,66,0
7,44,56,67,0
7,57,49,72,1
7,22,17,72,1
7,41,35,69,1
7,28,71,29,0
7,56,71,49,2
7,30,68,63,0
7,34,42,67,0
7,47,67,53,0
7,25,36,67,0
7,53,61,68,0
7,38,66,29,2
7,39,68,55,0
7,20,67,71,0
7,61,67,37,2
7,44,69,27,2
7,35,53,68,0
7,32,68,49,0
7,70,70,56,2
7,66,64,68,1
7,41,90,34,2
7,45,65,79,0
7,29,47,70,0
7,71,39,54,1
7,27,71,30,0
7,45,73,63,0
7,17,70,65,0
7,35,66,51,0
7,58,63,69,0
7,56,57,68,0
7,31,74,61,0
7,41,65,71,0
7,30,75,52,0
7,32,66,40,0
7,59,73,42,2
7,58,46,68,1
7,30,76,33,0
7,32,47,77,0
7,42,47,72,0
7,53,65,69,0
7,67,38,52,1
7,27,70,69,0
7,54,69,55,0
7,49,57,83,0
7,74,64,58,2
7,31,53,66,0
7,42,57,74,0
7,30,44,73,0
7,39,66,59,0
7,41,63,72,0
7,30,49,74,0
7,37,48,74,0
7,50,49,77,1
7,52,66,49,2
7,47,71,42,2
7,35,40,68,0
7,40,68,44,0
7,13,70,21,0
7,34,16,67,1
7,41,61,73,0
7,31,79,62,0
7,39,72,55,0
7,21,72,38,0
7,29,33,66,0
7,45,68,56,0
7,50,45,69,1
7,49,60,80,0
7,45,71,52,0
7,36,76,64,0
7,21,13,67,1
7,66,74,41,2
7,36,69,36,-1
7,37,76,42,0
7,65,22,74,1
7,7,61,67,0
7,17,69,60,0
7,46,43,66,1
7,54,69,49,2
7,28,70,52,0
7,40,77,44,0
7,52,73,64,0
7,34,69,72,0
7,71,80,49,2
7,41,71,50,0
7,49,70,33,2
7,70,58,71,1
7,11,55,77,0
7,32,70,66,0
7,30,75,55,0
7,51,59,67,0
7,45,73,63,0
7,44,68,23,2
7,71,49,43,2
7,26,66,34,0
7,33,69,73,0
7,65,43,67,1
7,41,57,76,0
7,49,68,61,0
7,27,66,49,0
7,15,68,40,0
7,31,28,71,1
7,38,31,70,1
7,70,51,32,2
7,8,66,41,0
7,35,21,67,1
7,67,69,66,2
7,21,50,70,0
7,27,78,36,0
7,66,54,54,-1
7,45,66,53,0
7,30,72,29,2
7,36,74,30,2
7,27,66,32,0
7,60,30,79,1
7,55,66,41,2
7,34,70,73,0
7,48,65,67,0
7,72,63,59,2
7,49,48,80,1
7,39,67,38,2
7,37,42,70,0
7,33,59,73,0
7,37,67,56,0
7,42,65,82,0
7,57,66,51,2
7,21,68,37,0
7,58,59,74,0
7,25,73,29,0
7,39,44,75,0
7,40,68,44,0
7,39,70,35,2
7,7,17,71,0
7,47,24,70,1
7,40,66,56,0
7,59,76,39,2
7,47,73,64,0
7,40,64,69,0
7,20,69,48,0
7,48,62,66,0
7,32,66,58,0
7,34,65,73,0
7,29,66,52,0
7,32,54,67,0
7,13,56,66,0
7,24,64,72,0
7,37,57,69,0
7,43,20,67,1
7,30,73,24,2
7,66,54,56,1
7,66,65,63,2
7,22,57,73,0
7,30,70,45,0
7,38,56,80,0
7,26,69,55,0
7,61,69,32,2
7,58,70,56,2
7,11,70,27,0
7,57,36,68,1
7,57,68,82,0
7,30,66,24,2
7,33,82,21,2
7,38,42,67,0
7,45,66,29,2
7,37,42,71,0
7,22,46,72,0
7,34,74,21,2
7,60,68,41,2
7,61,80,60,2
7,30,71,42,0
7,73,32,65,1
7,18,18,66,-1
7,38,71,47,0
7,14,66,51,0
8,32,34,67,0
8,31,73,41,0
8,43,79,60,0
8,52,52,70,-1
8,62,71,67,0
8,24,21,67,1
8,18,16,66,1
8,42,32,66,1
8,51,72,60,0
8,42,31,66,1
8,18,66,66,0
8,62,79,66,0
8,7,67,23,0
8,55,77,56,0
8,38,81,53,0
8,57,52,74,1
8,28,70,62,0
8,65,75,63,2
8,26,39,68,0
8,29,45,75,0
8,28,41,68,0
8,10,67,28,0
8,29,72,69,0
8,54,43,70,1
8,50,57,75,0
8,30,68,55,0
8,27,70,30,0
8,33,70,67,0
8,24,88,39,0
8,66,47,34,2
8,51,29,85,1
8,45,82,46,0
8,36,52,78,0
8,12,67,8,2
8,45,67,41,2
8,50,60,71,0
8,68,41,57,1
8,9,75,32,0
8,29,67,46,0
8,53,61,69,0
8,30,69,68,0
8,31,69,55,0
8,32,66,53,0
8,49,71,67,0
8,52,50,75,1
8,71,53,31,2
8,55,45,68,1
8,37,36,77,1
8,39,41,76,0
8,21,58,67,0
8,37,78,52,0
8,73,38,65,1
8,41,56,76,0
8,51,65,67,0
8,55,57,69,0
8,42,70,77,0
8,44,68,59,0
8,18,39,70,0
8,63,68,70,0
8,47,67,43,2
8,52,70,68,0
8,42,66,69,0
8,62,67,56,2
8,58,28,70,1
8,48,56,75,0
8,62,69,62,-1
8,73,58,65,1
8,58,60,76,0
8,61,64,69,0
8,34,57,74,0
8,28,24,72,1
8,46,38,73,1
8,51,61,67,0
8,39,71,40,0
8,47,52,96,0
8,25,30,71,0
8,33,80,62,0
8,31,9,68,1
8,66,56,50,2
8,32,43,69,0
8,69,40,36,2
8,55,76,57,0
8,23,75,35,0
8,32,70,54,0
8,49,70,63,0
8,42,76,56,0
8,63,65,83,0
8,40,33,66,1
8,32,69,52,0
8,43,66,75,0
8,37,31,70,1
8,48,72,35,2
8,37,79,34,2
8,33,47,71,0
8,28,41,68,0
8,51,62,69,0
8,69,59,43,2
8,33,68,61,0
8,51,68,59,0
8,34,53,71,0
8,15,69,75,0
8,61,66,46,2
8,10,70,31,0
8,46,75,49,0
8,25,28,76,0
8,55,36,73,1
8,30,70,67,0
8,36,48,79,0
8,33,28,68,1
8,68,48,70,1
8,46,66,58,0
8,41,73,50,0
8,30,53,84,0
8,48,66,58,0
8,14,32,72,0
8,32,72,30,2
8,33,82,45,0
8,57,79,44,2
8,56,70,38,2
8,41,73,49,0
8,32,78,43,0
8,48,85,43,2
8,66,68,52,2
8,51,76,50,2
8,43,43,77,-1
8,75,39,58,1
8,31,57,73,0
8,66,55,52,2
8,55,74,45,2
8,62,49,70,1
8,20,74,60,0
8,27,40,91,0
8,35,67,57,0
8,72,60,56,2
8,22,62,67,0
8,34,40,66,0
8,19,68,42,0
8,39,37,66,1
8,36,33,77,1
8,23,73,30,0
8,26,68,79,0
8,52,48,85,1
8,53,72,48,2
8,61,45,73,1
8,59,74,65,0
8,42,76,34,2
8,36,73,54,0
8,53,50,66,1
8,46,77,63,0
8,72,71,32,2
8,37,25,71,1
8,66,33,79,1
8,56,69,67,0
8,37,77,71,0
8,66,64,65,1
8,44,70,40,2
8,26,36,70,0
8,13,38,73,0
8,38,69,62,0
8,50,66,74,0
8,22,69,43,0
8,41,28,67,1
8,45,66,48,0
8,67,63,53,2
8,36,55,66,0
8,44,62,68,0
8,38,66,40,0
8,20,73,59,0
8,46,43,66,1
8,46,67,51,0
8,16,41,77,0
8,64,61,74,1
8,38,78,54,0
8,51,66,45,2
8,46,72,70,0
8,21,72,62,0
8,42,71,54,0
8,40,28,69,1
8,43,54,69,0
8,46,28,77,1
8,50,28,67,1
8,52,74,23,2
8,43,81,71,0
8,7,39,70,0
8,49,69,13,2
8,65,71,36,2
8,46,47,67,0
8,38,67,54,0
8,52,56,67,0
8,50,24,72,1
8,27,68,54,0
8,24,76,48,0
8,28,82,51,0
8,13,66,44,0
8,43,63,69,0
8,37,63,70,0
8,5,68,45,0
8,24,66,58,0
8,54,68,78,0
8,33,90,56,0
8,28,76,32,0
8,28,75,55,0
8,47,76,45,2
8,55,69,35,2
8,68,33,57,1
8,44,30,66,1
8,54,63,66,0
8,34,16,68,1
8,40,66,54,0
8,33,44,75,0
8,42,56,66,0
8,66,57,70,1
8,31,38,66,0
8,49,77,41,2
8,48,70,51,0
8,8,58,66,0
8,21,44,70,0
8,67,43,63,1
8,28,83,58,0
8,30,52,69,0
8,25,69,50,0
8,31,56,66,0
8,70,56,30,2
8,45,57,67,0
8,69,58,39,2
8,8,67,60,0
8,40,24,72,1
8,39,76,61,0
8,67,50,60,1
8,37,67,65,0
8,41,28,78,1
8,20,49,81,0
8,51,67,60,0
8,25,25,70,-1
8,5,37,69,0
8,32,68,45,0
8,56,44,69,1
8,29,66,49,0
8,48,66,64,0
8,24,40,71,0
8,49,78,20,2
8,24,74,64,0
8,5,30,76,0
8,38,69,47,0
8,45,67,65,0
8,45,66,52,0
8,38,67,63,0
8,43,60,71,0
8,43,71,61,0
8,68,72,73,0
8,43,64,66,0
8,70,45,67,1
8,43,69,60,0
8,36,81,61,0
8,43,75,32,2
8,23,74,71,0
8,40,48,74,0
8,62,73,68,0
8,34,69,69,0
8,60,72,71,0
8,43,43,70,-1
8,33,58,74,0
8,67,13,47,1
8,50,74,38,2
8,63,52,73,1
8,25,70,36,0
8,25,34,68,0
8,16,66,36,0
8,30,80,47,0
8,51,68,55,0
8,24,56,67,0
8,31,67,54,0
8,29,52,90,0
8,33,67,70,0
8,47,55,71,0
8,27,64,67,0
8,34,64,68,0
8,41,56,74,0
8,52,68,59,0
8,27,78,58,0
8,58,29,76,1
8,37,70,81,0
8,78,69,42,2
8,29,67,63,0
8,69,59,58,2
8,3,67,33,0
8,29,38,73,0
8,63,69,54,2
8,19,66,40,0
8,37,41,69,0
8,22,71,27,0
8,19,66,53,0
8,33,71,30,2
8,39,75,66,0
8,24,70,54,0
8,40,66,73,0
8,38,62,71,0
8,36,42,66,0
8,31,37,72,0
8,45,89,31,2
8,64,62,68,1
8,67,60,72,1
8,38,72,45,0
8,40,66,54,0
8,68,73,36,2
8,56,63,71,0
8,37,72,61,0
8,75,33,54,1
8,24,58,76,0
8,70,54,71,1
8,47,50,73,0
8,62,60,73,1
8,12,70,56,0
8,30,70,55,0
8,54,75,42,2
8,19,41,68,0
8,23,77,46,0
8,64,73,71,0
8,51,67,37,2
8,71,58,61,1
8,52,67,33,2
8,41,72,19,2
8,35,9,78,1
8,56,65,68,0
8,66,69,59,2
8,71,67,32,2
8,34,68,53,0
8,69,12,32,1
8,40,39,80,1
8,28,69,35,0
8,25,79,61,0
8,71,66,60,2
8,31,67,52,0
8,73,68,69,1
8,25,31,67,0
8,28,71,25,2
8,72,51,27,2
8,33,27,69,1
8,53,55,72,0
8,23,47,74,0
8,62,74,54,2
8,45,24,75,1
8,15,36,69,0
8,71,51,39,2
8,55,64,68,0
8,52,55,69,0
8,23,33,69,0
8,29,68,57,0
8,74,47,37,2
8,39,70,30,2
8,47,37,78,1
8,23,66,51,0
8,60,71,60,-1
8,61,67,70,0
8,35,67,43,0
8,19,54,70,0
8,73,24,49,1
8,54,69,67,0
8,48,48,75,-1
8,81,58,60,1
8,23,72,66,0
8,31,68,41,0
8,34,48,67,0
8,36,68,47,0
8,26,24,69,1
8,35,32,66,1
8,53,71,36,2
8,51,70,54,0
8,66,61,41,2
8,31,73,64,0
8,39,29,70,1
8,64,61,69,1
8,17,85,48,0
8,50,66,46,2
8,43,71,47,0
8,78,57,63,1
8,54,69,64,0
8,38,70,63,0
8,59,78,65,0
8,64,71,72,0
8,49,67,37,2
8,25,72,44,0
8,37,47,70,0
8,52,68,46,2
8,40,36,71,1
8,31,79,45,0
8,27,70,56,0
8,67,42,70,1
8,55,56,70,0
8,47,53,66,0
8,33,31,83,1
8,22,44,71,0
8,66,78,75,0
8,33,73,54,0
8,40,74,66,0
8,67,69,53,2
8,36,69,54,0
8,38,68,56,0
8,13,75,64,0
8,71,71,46,2
8,50,67,59,0
8,60,37,66,1
8,45,73,52,0
8,42,68,46,0
8,52,48,76,1
8,36,66,47,0
8,42,67,65,0
8,38,47,78,0
8,36,68,28,2
8,50,78,61,0
8,47,73,70,0
8,18,62,66,0
8,39,68,54,0
8,32,77,68,0
8,43,46,79,0
8,69,62,59,2
8,45,58,80,0
8,32,39,71,0
8,40,71,31,2
8,53,74,62,0
8,29,39,79,0
8,25,37,84,0
8,69,47,69,1
8,29,23,77,1
8,22,67,50,0
8,51,57,68,0
8,29,30,71,0
8,34,43,66,0
8,79,58,44,2
8,19,66,12,2
8,61,74,42,2
8,38,57,69,0
8,32,37,67,0
8,37,61,66,0
8,46,66,65,0
8,65,74,32,2
8,20,72,38,0
8,31,67,80,0
8,72,50,44,2
8,39,80,37,2
8,35,67,40,0
8,46,63,81,0
8,45,54,69,0
8,66,59,54,2
8,70,64,45,2
8,56,41,73,1
8,36,67,48,0
8,20,68,36,0
8,23,72,39,0
8,24,32,67,0
8,31,71,65,0
8,75,46,50,1
8,41,67,39,2
8,19,32,67,0
8,27,72,48,0
8,32,75,61,0
8,18,46,74,0
8,58,72,61,0
8,55,50,68,1
8,54,72,56,0
8,53,66,67,0
8,31,37,67,0
8,50,76,23,2
8,42,56,75,0
8,37,83,41,0
8,22,83,50,0
8,15,70,66,0
8,45,67,62,0
8,43,83,46,0
8,26,61,71,0
8,37,53,70,0
8,26,68,45,0
8,63,51,72,1
8,28,84,33,0
8,25,56,66,0
8,47,66,45,2
8,53,21,67,1
8,15,31,70,0
8,66,76,64,2
8,56,70,66,0
8,33,62,67,0
8,26,66,54,0
8,46,79,40,2
8,31,63,80,0
8,35,44,67,0
8,66,65,42,2
8,29,67,52,0
8,22,57,70,0
8,23,86,60,0
8,1,26,67,0
8,51,66,57,0
8,57,50,69,1
8,31,75,69,0
8,38,29,66,1
8,70,65,50,2
8,65,75,62,2
8,52,68,48,2
8,42,66,67,0
8,11,72,45,0
8,23,73,29,0
8,54,33,79,1
8,40,36,70,1
8,22,53,81,0
8,41,68,39,2
8,39,48,74,0
8,23,38,74,0
8,36,70,60,0
8,39,39,73,-1
8,75,42,51,1
8,60,71,75,0
8,42,69,53,0
8,46,39,66,1
8,53,59,85,0
8,24,45,68,0
8,61,76,57,2
8,19,77,34,0
8,12,31,68,0
8,28,68,26,2
8,75,60,27,2
8,56,40,80,1
8,61,51,68,1
8,41,73,59,0
8,38,40,69,0
8,35,75,53,0
8,22,55,67,0
8,41,30,77,1
8,69,55,42,2
8,39,33,68,1
8,43,68,56,0
8,67,30,75,1
8,43,45,69,0
8,14,43,66,0
8,71,69,53,2
8,12,63,69,0
8,65,62,68,1
8,49,42,74,1
8,24,72,20,2
8,33,74,46,0
8,23,71,67,0
8,26,48,69,0
8,43,77,48,0
8,38,23,74,1
8,17,38,71,0
8,38,49,72,0
8,30,45,73,0
8,70,45,35,2
8,38,66,53,0
8,43,49,77,0
8,24,73,44,0
8,40,54,84,0
8,34,69,51,0
8,58,61,78,0
8,39,68,72,0
8,47,74,69,0
8,23,68,58,0
8,44,54,74,0
8,36,67,38,0
8,23,69,63,0
8,45,77,43,2
8,34,67,52,0
8,15,35,71,0
8,36,53,76,0
8,48,50,83,0
8,27,71,57,0
8,39,66,38,2
8,49,84,47,2
8,68,72,44,2
8,46,63,68,0
8,54,62,75,0
8,57,70,64,0
8,15,71,60,0
8,42,71,39,2
8,47,68,63,0
8,28,49,67,0
8,41,76,59,0
8,60,56,74,1
8,15,71,58,0
8,27,71,48,0
8,72,68,50,2
8,43,74,45,0
8,11,27,73,0
8,35,54,68,0
8,19,23,66,0
8,76,40,55,1
8,19,69,26,0
8,36,68,37,0
8,50,70,52,0
8,72,43,48,1
8,33,67,33,-1
8,52,59,66,0
8,39,68,42,0
8,29,40,67,0
8,72,56,75,1
8,21,50,73,0
8,49,75,43,2
8,68,38,27,2
8,43,72,65,0
8,67,81,66,2
8,38,54,67,0
8,20,69,19,2
8,31,57,88,0
8,33,33,68,-1
8,32,42,74,0
8,18,72,33,0
8,27,69,55,0
8,39,42,66,0
8,67,59,60,1
8,67,43,49,1
8,43,44,68,0
8,25,71,78,0
8,17,71,13,2
8,33,69,43,0
8,20,78,48,0
8,72,64,55,2
8,33,74,23,2
8,21,65,66,0
8,66,37,56,1
8,27,72,70,0
8,69,41,50,1
8,50,68,41,2
8,53,66,81,0
8,8,38,86,0
8,35,32,67,1
8,48,70,63,0
8,35,69,67,0
8,66,61,56,2
8,40,68,59,0
8,61,52,74,1
8,52,58,74,0
8,61,79,69,0
8,66,64,56,2
8,30,29,73,1
8,22,66,43,0
8,37,68,66,0
8,69,65,50,2
8,41,70,33,2
8,76,53,57,1
8,45,67,64,0
8,26,75,29,0
8,20,74,44,0
8,68,59,59,-1
8,36,66,47,0
8,22,74,52,0
8,41,69,35,2
8,18,71,67,0
8,33,66,12,2
8,66,34,31,2
8,46,69,57,0
8,42,64,68,0
8,38,34,68,1
8,19,67,28,0
8,1,77,32,0
8,50,69,63,0
8,30,76,54,0
8,44,41,69,1
8,42,17,67,1
8,30,50,74,0
8,43,76,57,0
8,35,62,66,0
8,56,51,68,1
8,36,88,39,0
8,26,41,73,0
8,18,25,70,0
8,59,67,75,0
8,56,67,70,0
8,39,59,71,0
8,11,63,74,0
8,34,74,57,0
8,14,47,82,0
8,14,21,67,0
8,29,77,42,0
8,64,44,71,1
8,41,71,47,0
8,55,64,70,0
8,24,74,61,0
8,39,72,34,2
8,36,69,68,0
8,60,41,79,1
8,30,69,59,0
8,59,55,69,1
8,46,54,76,0
8,45,66,57,0
8,66,41,22,2
8,14,72,23,0
8,46,88,65,0
8,31,84,43,0
8,31,72,20,2
8,51,72,69,0
8,64,67,62,2
8,19,68,56,0
8,38,67,66,0
8,55,28,71,1
8,37,37,70,-1
8,22,36,73,0
8,57,35,72,1
8,54,56,80,0
8,24,62,82,0
8,26,44,69,0
8,49,39,66,1
8,57,67,72,0
8,34,42,67,0
8,36,66,25,2
8,26,80,43,0
8,66,75,20,2
8,6,77,17,0
8,28,70,68,0
8,41,76,54,0
8,46,61,76,0
8,46,27,74,1
8,48,70,74,0
8,43,66,60,0
8,26,76,57,0
8,37,64,73,0
8,27,68,71,0
8,44,76,27,2
8,32,42,68,0
8,69,16,29,1
8,48,48,83,-1
8,53,52,71,1
8,30,67,57,0
8,62,69,21,2
8,32,64,75,0
8,34,62,67,0
8,30,65,69,0
8,69,15,38,1
8,26,75,46,0
8,24,39,67,0
8,37,66,43,0
8,37,47,71,0
8,33,71,42,0
8,69,57,19,2
8,22,80,41,0
8,69,68,45,2
8,63,34,68,1
8,70,60,54,2
8,54,43,66,1
8,40,45,68,0
8,45,38,66,1
8,25,50,84,0
8,17,69,21,0
8,15,53,78,0
8,16,74,42,0
8,36,75,24,2
8,22,47,68,0
8,50,38,78,1
8,14,76,54,0
8,62,73,39,2
8,28,49,67,0
8,34,64,70,0
8,26,53,76,0
8,40,74,17,2
8,30,49,74,0
8,37,58,73,0
8,61,43,69,1
8,36,68,44,0
8,63,69,75,0
8,58,67,50,2
8,38,67,25,2
8,19,69,43,0
8,34,17,69,1
8,55,56,66,0
8,26,60,74,0
8,43,68,34,2
8,18,73,45,0
8,31,61,77,0
8,30,73,35,0
8,62,72,74,0
8,44,67,56,0
8,35,65,71,0
8,28,61,76,0
8,52,69,55,0
8,32,74,39,0
8,58,42,76,1
8,21,67,42,0
8,52,75,39,2
8,47,68,69,0
8,56,69,51,2
8,39,22,69,1
8,31,61,68,0
8,50,48,67,1
8,17,67,55,0
8,46,78,50,0
8,39,42,69,0
8,45,28,66,1
8,65,76,73,0
8,23,36,78,0
8,38,79,37,2
8,58,25,68,1
8,19,36,71,0
8,14,50,67,0
8,76,52,48,2
8,79,72,64,2
8,53,59,75,0
8,30,66,51,0
8,45,40,67,1
8,30,72,61,0
8,33,47,66,0
8,40,74,55,0
8,38,46,87,0
8,63,67,51,2
8,63,72,39,2
8,37,69,53,0
8,41,35,71,1
8,51,71,67,0
8,59,37,72,1
8,51,52,66,0
8,45,38,72,1
8,32,49,70,0
8,35,73,50,0
8,54,68,62,0
8,24,67,60,0
8,32,78,49,0
8,20,88,53,0
8,30,52,76,0
8,37,66,28,2
8,38,69,60,0
8,25,36,73,0
8,28,57,76,0
8,77,62,51,2
8,22,67,40,0
8,63,54,75,1
8,25,65,72,0
8,17,67,70,0
8,41,67,53,0
8,34,58,67,0
8,23,66,55,0
8,41,52,75,0
8,43,54,66,0
8,66,78,52,2
8,44,66,48,0
8,36,61,72,0
8,18,59,66,0
8,25,73,48,0
8,39,49,71,0
8,32,69,68,0
8,43,70,61,0
8,62,63,68,0
8,32,68,55,0
8,29,66,46,0
8,50,65,68,0
8,65,70,65,-1
8,37,68,60,0
8,30,74,49,0
8,38,67,67,0
8,32,80,59,0
8,22,60,75,0
8,51,61,72,0
8,25,66,48,0
8,30,70,71,0
8,44,52,70,0
8,25,79,65,0
8,65,80,33,2
8,54,64,67,0
8,39,71,57,0
8,29,62,66,0
8,69,60,49,2
8,59,69,47,2
8,17,44,82,0
8,59,29,78,1
8,70,46,51,1
8,24,78,20,2
8,39,72,60,0
8,51,38,72,1
8,42,37,71,1
8,40,66,45,0
8,42,30,66,1
8,21,73,36,0
8,30,79,35,0
8,43,83,47,0
8,37,46,68,0
8,63,62,70,1
8,28,33,74,0
8,22,27,73,0
8,61,73,52,2
8,35,66,59,0
8,18,72,34,0
8,66,72,52,2
8,26,49,79,0
8,19,66,54,0
8,68,66,38,2
8,30,80,44,0
8,57,67,38,2
8,28,70,35,0
8,26,63,74,0
8,18,43,69,0
8,52,66,58,0
8,72,44,41,2
8,19,44,78,0
8,40,73,64,0
8,29,57,89,0
8,42,50,68,0
8,33,79,28,2
8,32,69,32,-1
8,38,70,23,2
8,25,64,66,0
8,68,71,73,0
8,39,73,59,0
8,54,34,68,1
8,62,68,62,-1
8,29,67,84,0
8,47,66,69,0
8,45,62,69,0
8,18,57,76,0
8,49,72,52,0
8,38,69,64,0
8,47,73,55,0
8,36,71,65,0
8,32,33,68,0
8,9,70,49,0
8,19,47,67,0
8,24,33,67,0
8,64,62,66,1
8,27,47,73,0
8,69,30,31,1
8,8,67,47,0
8,34,74,63,0
8,33,62,72,0
8,36,45,69,0
8,60,74,56,2
8,26,55,70,0
8,51,47,73,1
8,38,88,59,0
8,14,29,66,0
8,32,67,50,0
8,62,79,36,2
8,54,67,41,2
8,54,66,24,2
8,58,52,72,1
8,18,67,67,0
8,26,67,59,0
8,58,66,50,2
8,61,67,72,0
8,36,73,48,0
8,54,57,70,0
8,38,73,60,0
8,31,79,61,0
8,65,66,86,0
8,41,77,62,0
8,34,77,70,0
8,75,72,60,2
8,25,71,69,0
8,46,66,53,0
8,72,68,55,2
8,9,68,14,0
8,61,77,27,2
8,57,75,51,2
8,46,68,66,0
8,25,73,58,0
8,26,71,60,0
8,58,56,69,1
8,35,69,45,0
8,34,37,74,0
8,49,58,69,0
8,34,50,67,0
8,68,61,64,1
8,32,87,62,0
8,24,66,40,0
8,32,65,70,0
8,53,63,66,0
8,19,73,38,0
8,42,77,64,0
8,21,73,57,0
8,19,71,59,0
8,33,73,59,0
8,31,72,88,0
8,45,39,67,1
8,35,67,59,0
8,24,32,67,0
8,68,27,56,1
8,17,49,77,0
8,45,26,66,1
8,49,67,45,2
8,66,28,47,1
8,23,39,67,0
8,69,64,70,1
8,18,67,46,0
8,61,69,26,2
8,41,59,68,0
8,19,38,68,0
8,53,33,78,1
8,37,44,89,0
8,14,40,85,0
8,44,67,48,0
8,34,31,75,1
8,52,62,66,0
8,40,70,29,2
8,39,41,69,0
8,75,48,39,2
8,36,34,67,1
8,68,39,64,1
8,39,68,39,-1
8,20,32,76,0
8,49,31,69,1
8,31,43,67,0
8,36,68,56,0
8,21,64,71,0
8,4,26,69,0
8,49,52,72,0
8,51,76,20,2
9,53,59,77,0
9,42,71,100,0
9,35,66,61,0
9,56,68,29,2
9,40,61,77,0
9,35,49,66,0
9,25,99,42,0
9,49,44,71,1
9,47,59,77,0
9,75,48,83,1
9,25,56,85,0
9,30,42,72,0
9,54,66,67,0
9,59,20,93,1
9,52,39,66,1
9,6,50,68,0
9,32,76,66,0
9,33,74,44,0
9,43,17,76,1
9,36,83,43,0
9,54,77,35,2
9,18,33,80,0
9,66,29,44,1
9,29,75,60,0
9,61,50,78,1
9,34,76,64,0
9,19,73,41,0
9,63,78,79,0
9,34,71,57,0
9,20,69,75,0
9,57,71,66,0
9,27,64,81,0
9,14,14,67,-1
9,73,36,38,1
9,30,75,46,0
9,44,71,74,0
9,16,73,67,0
9,29,67,64,0
9,56,52,87,1
9,66,62,58,2
9,27,30,69,0
9,56,59,73,0
9,71,74,36,2
9,25,78,42,0
9,43,71,29,2
9,38,66,61,0
9,43,69,58,0
9,36,63,78,0
9,43,60,70,0
9,15,47,73,0
9,34,70,23,2
9,59,77,63,0
9,22,75,46,0
9,27,71,64,0
9,29,48,69,0
9,45,60,77,0
9,41,57,78,0
9,17,67,25,0
9,37,73,57,0
9,53,71,38,2
9,44,70,53,0
9,66,65,41,2
9,75,49,55,1
9,40,50,66,0
9,52,58,71,0
9,28,67,57,0
9,18,68,62,0
9,45,68,65,0
9,22,59,75,0
9,27,71,38,0
9,22,26,75,0
9,63,71,53,2
9,32,50,69,0
9,43,74,65,0
9,43,46,68,0
9,51,50,66,1
9,30,74,44,0
9,59,39,71,1
9,23,69,59,0
9,36,66,84,0
9,54,69,70,0
9,35,77,55,0
9,35,75,53,0
9,62,50,69,1
9,36,81,40,0
9,40,66,74,0
9,34,71,54,0
9,64,57,84,1
9,46,58,67,0
9,47,76,56,0
9,42,40,66,1
9,50,28,72,1
9,53,72,55,0
9,36,67,61,0
9,62,76,47,2
9,52,70,53,0
9,49,74,65,0
9,37,30,71,1
9,55,68,37,2
9,38,41,66,0
9,17,67,30,0
9,54,66,41,2
9,44,72,48,0
9,50,44,71,1
9,14,22,70,0
9,38,38,90,-1
9,34,68,60,0
9,11,76,37,0
9,56,47,80,1
9,33,71,74,0
9,38,72,12,2
9,24,38,74,0
9,29,76,50,0
9,35,48,71,0
9,28,30,69,0
9,60,74,59,2
9,51,49,67,1
9,9,55,67,0
9,8,101,22,0
9,71,39,19,2
9,48,49,66,0
9,67,44,70,1
9,53,70,53,-1
9,25,47,67,0
9,23,29,67,0
9,28,67,66,0
9,30,55,70,0
9,40,33,79,1
9,19,45,71,0
9,22,38,79,0
9,24,73,47,0
9,41,65,68,0
9,49,51,80,0
9,81,64,62,2
9,42,47,74,0
9,38,82,50,0
9,18,57,72,0
9,46,68,38,2
9,40,66,57,0
9,68,65,58,2
9,48,68,43,2
9,27,79,54,0
9,26,49,89,0
9,25,71,64,0
9,53,72,61,0
9,47,68,58,0
9,56,37,76,1
9,17,61,75,0
9,67,48,96,1
9,36,40,69,0
9,57,59,68,0
9,30,63,67,0
9,49,74,51,0
9,55,66,60,0
9,28,83,43,0
9,57,64,84,0
9,44,37,70,1
9,32,67,44,0
9,30,66,50,0
9,70,50,50,-1
9,71,43,58,1
9,65,66,72,0
9,27,66,41,0
9,31,50,86,0
9,39,69,61,0
9,38,78,55,0
9,48,34,74,1
9,32,41,76,0
9,71,64,43,2
9,25,83,79,0
9,19,74,63,0
9,25,63,67,0
9,6,30,79,0
9,43,71,62,0
9,22,42,67,0
9,68,38,85,1
9,53,68,47,2
9,41,76,39,2
9,45,71,64,0
9,21,47,70,0
9,40,70,56,0
9,34,64,73,0
9,28,78,46,0
9,16,83,31,0
9,38,67,78,0
9,44,68,54,0
9,20,13,79,1
9,57,86,35,2
9,55,52,69,1
9,49,66,65,0
9,14,67,55,0
9,74,48,46,2
9,36,74,18,2
9,48,68,71,0
9,49,70,84,0
9,35,71,68,0
9,34,66,38,0
9,35,77,39,0
9,65,60,69,1
9,22,44,68,0
9,47,68,50,0
9,61,66,71,0
9,23,70,52,0
9,54,28,68,1
9,37,65,69,0
9,53,42,68,1
9,41,73,55,0
9,38,45,71,0
9,27,74,44,0
9,61,69,72,0
9,59,80,68,0
9,55,71,55,-1
9,44,17,66,1
9,38,82,32,2
9,38,75,45,0
9,58,74,55,2
9,82,58,59,1
9,15,37,74,0
9,36,52,79,0
9,40,66,63,0
9,29,80,46,0
9,37,38,73,0
9,54,70,54,-1
9,27,66,32,0
9,52,75,60,0
9,46,50,66,0
9,49,59,74,0
9,38,64,79,0
9,15,42,81,0
9,44,71,83,0
9,72,26,73,1
9,30,51,74,0
9,73,75,56,2
9,45,56,75,0
9,74,72,47,2
9,47,69,46,2
9,32,62,68,0
9,41,72,26,2
9,27,80,43,0
9,35,61,72,0
9,20,57,69,0
9,17,80,53,0
9,32,73,57,0
9,55,67,57,0
9,51,66,56,0
9,52,76,58,0
9,17,70,21,0
9,59,74,38,2
9,38,71,57,0
9,58,58,70,-1
9,21,71,38,0
9,60,46,92,1
9,68,54,35,2
9,39,67,34,2
9,22,45,77,0
9,49,73,49,-1
9,39,33,84,1
9,27,67,52,0
9,16,20,71,0
9,18,51,76,0
9,48,71,26,2
9,71,42,44,1
9,54,72,63,0
9,53,56,76,0
9,50,76,37,2
9,35,53,72,0
9,25,33,81,0
9,68,67,75,1
9,50,66,42,2
9,52,70,70,0
9,67,41,58,1
9,28,47,78,0
9,46,68,44,2
9,47,53,76,0
9,49,65,66,0
9,73,46,55,1
9,56,73,59,0
9,51,49,79,1
9,28,67,75,0
9,67,60,42,2
9,32,50,71,0
9,32,63,67,0
9,62,77,41,2
9,53,75,63,0
9,38,76,53,0
9,20,65,69,0
9,40,73,64,0
9,66,77,64,2
9,23,68,50,0
9,26,70,52,0
9,20,69,56,0
9,9,50,66,0
9,34,37,74,0
9,29,71,44,0
9,40,38,70,1
9,53,80,49,2
9,53,53,76,-1
9,36,68,59,0
9,44,67,44,-1
9,30,76,67,0
9,43,67,72,0
9,47,74,73,0
9,55,67,20,2
9,24,59,84,0
9,22,62,68,0
9,32,32,79,-1
9,64,80,49,2
9,25,87,48,0
9,6,67,72,0
9,23,67,41,0
9,50,76,26,2
9,51,67,55,0
9,41,69,40,2
9,45,52,73,0
9,60,78,90,0
9,64,78,63,2
9,25,38,72,0
9,43,38,71,1
9,43,70,46,0
9,50,69,68,0
9,59,66,70,0
9,29,39,72,0
9,49,18,68,1
9,43,70,62,0
9,15,67,30,0
9,69,69,63,2
9,26,49,68,0
9,38,74,76,0
9,55,66,59,0
9,35,75,60,0
9,23,48,77,0
9,27,78,69,0
9,42,46,69,0
9,34,62,73,0
9,45,81,34,2
9,66,61,71,1
9,38,72,65,0
9,53,83,30,2
9,38,66,72,0
9,59,33,71,1
9,52,75,39,2
9,13,68,58,0
9,49,63,83,0
9,25,67,32,0
9,44,67,44,-1
9,21,67,44,0
9,43,83,58,0
9,17,63,70,0
9,19,44,75,0
9,31,74,70,0
9,45,42,68,1
9,39,74,41,0
9,31,30,72,1
9,27,29,83,0
9,10,67,36,0
9,16,67,44,0
9,57,68,58,0
9,28,87,45,0
9,43,75,30,2
9,14,82,70,0
9,36,68,53,0
9,63,68,64,0
9,19,39,73,0
9,75,58,68,1
9,13,69,26,0
9,29,72,59,0
9,45,48,67,0
9,70,37,37,-1
9,27,69,33,0
9,15,35,85,0
9,53,41,72,1
9,66,72,39,2
9,66,73,58,2
9,30,45,67,0
9,42,73,28,2
9,30,76,72,0
9,87,65,54,2
9,49,48,75,1
9,59,67,68,0
9,41,63,66,0
9,28,66,67,0
9,27,72,68,0
9,41,38,67,1
9,36,42,78,0
9,81,30,60,1
9,38,67,73,0
9,23,79,66,0
9,51,74,31,2
9,46,47,69,0
9,35,52,67,0
9,49,76,66,0
9,49,63,73,0
9,31,64,68,0
9,37,30,80,1
9,29,70,52,0
9,18,51,78,0
9,16,69,62,0
9,28,36,78,0
9,30,69,75,0
9,41,73,33,2
9,38,54,76,0
9,56,72,62,0
9,64,86,66,0
9,30,41,79,0
9,68,55,55,-1
9,39,67,55,0
9,43,50,68,0
9,28,70,77,0
9,40,52,66,0
9,28,59,78,0
9,68,68,76,-1
9,16,43,69,0
9,18,39,83,0
9,30,68,50,0
9,60,66,74,0
9,48,52,70,0
9,56,68,63,0
9,27,26,66,1
9,25,34,77,0
9,34,38,67,0
9,6,67,41,0
9,57,55,88,1
9,57,46,93,1
9,70,70,51,2
9,28,71,44,0
9,49,70,57,0
9,36,65,68,0
9,19,34,77,0
9,43,73,43,-1
9,21,44,70,0
9,81,56,34,2
9,48,53,69,0
9,18,79,49,0
9,22,68,48,0
9,58,74,50,2
9,42,50,77,0
9,57,47,81,1
9,51,75,82,0
9,15,41,68,0
9,24,61,71,0
9,53,74,60,0
9,28,44,69,0
9,17,70,55,0
9,39,72,62,0
9,42,66,52,0
9,29,73,68,0
9,36,75,60,0
9,45,48,69,0
9,63,63,78,-1
9,38,65,82,0
9,49,62,72,0
9,40,72,65,0
9,24,71,12,2
9,60,66,59,2
9,23,44,74,0
9,21,69,54,0
9,70,43,28,2
9,53,58,71,0
9,44,67,41,2
9,17,87,68,0
9,66,80,63,2
9,39,59,68,0
9,53,71,58,0
9,68,56,70,1
9,24,36,75,0
9,26,45,66,0
9,73,55,49,2
9,50,69,28,2
9,75,59,41,2
9,20,71,52,0
9,34,77,29,2
9,30,49,66,0
9,44,29,69,1
9,45,46,79,0
9,29,73,41,0
9,17,63,75,0
9,50,73,46,2
9,66,60,61,1
9,29,72,40,0
9,23,70,72,0
9,45,73,39,2
9,44,31,84,1
9,37,75,50,0
9,29,38,73,0
9,16,47,79,0
9,35,83,64,0
9,31,63,80,0
9,39,36,71,1
9,45,77,40,2
9,41,69,73,0
9,51,44,82,1
9,33,47,74,0
9,41,66,31,2
9,48,70,54,0
9,49,59,85,0
9,64,68,57,2
9,52,58,75,0
9,50,71,36,2
9,27,44,82,0
9,11,23,67,0
9,67,44,65,1
9,35,81,65,0
9,48,29,78,1
9,18,61,70,0
9,23,53,78,0
9,49,76,69,0
9,14,86,53,0
9,17,29,67,0
9,37,52,66,0
9,12,30,67,0
9,75,50,52,1
9,36,79,69,0
9,52,66,79,0
9,23,66,65,0
9,39,53,74,0
9,26,61,71,0
9,13,72,31,0
9,40,66,68,0
9,52,76,52,-1
9,27,46,67,0
9,46,67,55,0
9,55,33,70,1
9,25,80,75,0
9,38,39,72,0
9,44,83,51,0
9,68,60,41,2
9,30,58,71,0
9,61,68,52,2
9,37,33,66,1
9,26,88,62,0
9,63,54,77,1
9,37,45,67,0
9,64,21,94,1
9,70,62,30,2
9,42,69,53,0
9,72,76,66,2
9,47,72,66,0
9,39,50,68,0
9,18,22,68,0
9,66,68,55,2
9,17,61,74,0
9,40,74,50,0
9,45,43,70,1
9,45,52,69,0
9,65,79,62,2
9,15,70,16,0
9,44,69,61,0
9,23,48,74,0
9,22,12,66,1
9,50,42,68,1
9,64,75,61,2
9,29,55,81,0
9,70,64,71,1
9,55,60,71,0
9,68,60,67,1
9,57,82,40,2
9,51,31,78,1
9,68,55,65,1
9,40,76,68,0
9,23,55,81,0
9,68,53,68,1
9,44,47,71,0
9,36,22,73,1
9,45,45,72,-1
9,38,88,58,0
9,57,71,69,0
9,26,90,35,0
9,79,61,70,1
9,41,78,57,0
9,47,76,39,2
9,49,46,70,1
9,41,71,40,2
9,40,61,67,0
9,11,70,54,0
9,56,68,65,0
9,37,61,69,0
9,20,53,82,0
9,38,44,68,0
9,74,39,58,1
9,67,71,67,-1
9,32,59,80,0
9,75,75,62,2
9,66,46,56,1
9,66,67,62,2
9,61,67,63,0
9,60,68,70,0
9,29,87,34,0
9,32,48,68,0
9,23,68,46,0
9,40,50,87,0
9,33,70,75,0
9,64,68,74,0
9,38,78,62,0
9,40,76,47,0
9,48,73,44,2
9,53,70,31,2
9,27,69,68,0
9,36,66,32,2
9,60,67,59,2
9,28,73,35,0
9,22,66,68,0
9,55,76,51,2
9,16,30,73,0
9,24,49,70,0
9,41,65,72,0
9,72,61,19,2
9,56,67,46,2
9,34,40,71,0
9,17,66,51,0
9,12,78,46,0
9,33,25,78,1
9,74,37,67,1
9,25,50,67,0
9,52,69,64,0
9,49,73,67,0
9,54,69,45,2
9,50,69,61,0
9,33,48,69,0
9,46,76,46,-1
9,57,49,78,1
9,34,45,70,0
9,46,70,41,2
9,26,37,67,0
9,33,68,82,0
9,52,67,35,2
9,17,41,71,0
9,22,74,45,0
9,49,64,74,0
9,40,48,78,0
9,37,74,64,0
9,64,77,71,0
9,33,70,39,0
9,46,59,81,0
9,64,80,50,2
9,45,67,53,0
9,36,61,66,0
9,21,74,27,0
9,83,63,55,2
9,29,73,31,0
9,10,78,28,0
9,20,66,40,0
9,69,56,50,2
9,22,31,93,0
9,35,62,72,0
9,66,51,67,1
9,65,77,37,2
9,52,73,50,2
9,63,42,69,1
9,47,49,74,0
9,28,21,78,1
9,38,50,75,0
9,27,63,69,0
9,35,78,62,0
9,33,23,79,1
9,31,84,38,0
9,43,48,69,0
9,21,73,53,0
9,35,57,66,0
9,77,31,66,1
9,51,67,20,2
9,30,44,71,0
9,59,42,67,1
9,34,25,73,1
9,54,42,67,1
9,44,75,68,0
9,52,72,76,0
9,54,42,73,1
9,33,48,77,0
9,26,64,75,0
9,63,18,66,1
9,28,51,84,0
9,48,67,55,0
9,40,69,54,0
9,57,79,60,0
9,49,56,77,0
9,28,47,75,0
9,42,72,91,0
9,71,95,46,2
9,27,46,69,0
9,54,57,70,0
9,33,67,70,0
9,57,71,58,0
9,49,67,44,2
9,37,78,54,0
9,45,41,67,1
9,49,67,55,0
9,69,78,42,2
9,21,48,73,0
9,67,57,66,1
9,48,74,14,2
9,35,68,35,-1
9,72,68,49,2
9,73,68,58,2
9,45,53,76,0
9,15,67,43,0
9,51,68,76,0
9,60,40,66,1
9,16,54,70,0
9,55,78,66,0
9,59,21,78,1
9,77,58,67,1
9,27,66,44,0
9,57,82,53,2
9,55,66,70,0
9,14,28,80,0
9,56,76,47,2
9,22,74,38,0
9,26,54,84,0
9,40,57,79,0
9,18,68,64,0
9,40,45,72,0
9,50,60,67,0
9,55,70,46,2
9,73,70,57,2
9,36,70,48,0
9,33,56,72,0
9,40,71,37,2
9,60,54,69,1
9,29,65,72,0
9,26,67,59,0
9,32,23,69,1
9,20,90,46,0
9,58,45,75,1
9,29,71,69,0
9,31,49,70,0
9,47,54,68,0
9,48,72,63,0
9,61,68,55,2
9,69,65,67,1
9,63,77,65,0
9,47,55,66,0
9,41,77,39,2
9,15,34,66,0
9,76,51,79,1
9,13,69,36,0
9,26,79,61,0
9,57,77,36,2
9,47,67,70,0
9,32,87,14,2
9,69,46,39,2
9,40,73,48,0
9,57,52,77,1
9,41,18,67,1
9,24,78,51,0
9,68,51,61,1
9,19,32,68,0
9,51,73,48,2
9,34,78,53,0
9,38,62,81,0
9,30,73,72,0
9,25,80,49,0
9,67,55,57,1
9,69,47,44,2
9,52,79,68,0
9,27,72,53,0
9,48,84,67,0
9,24,73,67,0
9,27,27,73,-1
9,24,45,77,0
9,23,66,52,0
9,29,79,75,0
9,48,47,71,1
9,25,57,92,0
9,24,63,68,0
9,55,45,78,1
9,38,78,75,0
9,10,64,76,0
9,49,66,63,0
9,61,73,37,2
9,75,44,27,2
9,27,61,66,0
9,54,65,84,0
9,11,71,33,0
9,21,73,57,0
9,52,47,75,1
9,44,72,58,0
9,67,62,61,2
9,60,37,88,1
9,33,68,24,2
9,66,38,31,2
9,70,64,71,1
9,52,66,63,0
9,49,64,68,0
9,15,78,10,2
9,58,70,78,0
9,26,57,69,0
9,15,33,88,0
9,52,77,51,2
9,59,88,42,2
9,30,67,55,0
9,19,43,79,0
9,58,67,43,2
9,56,61,66,0
9,63,63,74,-1
9,34,71,49,0
9,56,68,52,2
9,30,71,46,0
9,48,37,74,1
9,41,77,64,0
9,55,70,47,2
9,31,76,23,2
9,33,53,77,0
9,68,34,49,1
9,36,57,74,0
9,31,38,94,0
9,54,66,68,0
9,23,67,40,0
9,32,86,62,0
9,53,79,60,0
9,69,63,55,2
9,30,22,72,1
9,74,26,23,2
9,23,71,40,0
9,62,52,78,1
9,26,76,68,0
9,19,66,68,0
9,37,72,65,0
9,35,49,69,0
9,24,66,45,0
9,43,69,50,0
9,34,22,68,1
9,28,63,66,0
9,58,76,35,2
9,19,82,46,0
9,59,81,44,2
9,8,89,51,0
9,38,66,53,0
9,35,43,68,0
9,45,71,48,0
9,73,73,45,2
9,28,75,42,0
9,58,66,28,2
9,19,67,73,0
9,1,28,69,0
9,42,66,70,0
9,39,56,68,0
9,50,51,70,0
9,29,66,51,0
9,24,49,79,0
9,41,62,77,0
9,59,58,67,1
9,68,41,84,1
9,30,69,44,0
9,12,53,76,0
9,73,49,58,1
9,8,70,40,0
9,39,20,73,1
9,36,66,42,0
9,47,44,74,1
9,40,67,53,0
9,46,92,55,0
9,19,43,67,0
9,31,30,70,1
9,38,46,72,0
9,36,63,69,0
9,51,38,77,1
9,37,59,72,0
9,22,72,35,0
9,37,74,64,0
9,38,35,70,1
9,48,84,36,2
9,65,63,81,1
9,41,60,76,0
9,43,69,29,2
9,43,72,52,0
9,51,43,70,1
9,11,51,72,0
9,13,45,86,0
9,62,66,60,2
9,29,83,47,0
9,26,32,67,0
9,52,66,45,2
9,31,34,73,0
9,24,77,19,2
9,67,33,63,1
9,55,75,43,2
9,42,73,67,0
9,30,51,76,0
9,40,65,77,0
9,34,29,70,1
9,38,69,41,0
9,17,78,46,0
9,69,61,67,1
9,14,41,70,0
9,21,60,78,0
9,54,75,41,2
9,44,60,70,0
9,28,68,56,0
9,50,69,34,2
9,41,78,72,0
9,51,51,75,-1
9,66,64,57,2
9,46,55,78,0
9,20,75,56,0
9,56,72,64,0
9,53,68,40,2
9,18,72,46,0
9,52,67,56,0
9,29,75,48,0
9,39,59,67,0
9,40,66,21,2
9,20,44,77,0
9,45,66,77,0
9,82,57,55,2
9,36,70,79,0
9,52,45,69,1
9,68,58,51,2
9,32,33,83,0
9,39,24,82,1
9,32,75,34,0
9,53,57,73,0
9,62,46,70,1
9,42,70,84,0
9,58,70,50,2
9,32,18,70,1
9,28,71,61,0
9,30,68,28,2
9,31,51,71,0
9,62,71,23,2
9,25,67,64,0
9,18,52,68,0
9,32,70,31,2
9,56,28,70,1
9,54,33,71,1
9,12,70,47,0
9,48,67,61,0
9,27,65,78,0
9,22,48,76,0
9,26,74,43,0
9,46,67,70,0
9,16,70,82,0
9,42,84,51,0
9,61,35,73,1
9,72,72,47,2
9,66,66,67,-1
9,67,69,62,2
9,74,53,69,1
9,26,50,67,0
9,12,73,53,0
9,20,37,73,0
9,19,47,76,0
9,16,73,63,0
9,44,46,67,0
9,18,55,66,0
9,38,65,68,0
9,69,66,43,2
9,19,71,42,0
9,69,60,61,1
9,23,53,67,0
9,27,68,40,0
9,73,60,66,1
9,17,30,67,0
9,45,49,67,0
9,36,52,69,0
9,52,53,67,0
9,40,64,77,0
9,51,51,67,-1
9,40,76,53,0
9,9,42,75,0
9,31,66,59,0
9,37,72,49,0
9,25,71,49,0
9,45,70,44,2
9,31,70,63,0
9,15,67,66,0
9,71,43,62,1
9,23,76,55,0
9,50,75,55,0
9,32,78,42,0
9,29,67,47,0
9,37,50,93,0
9,66,64,67,1
9,73,74,38,2
9,70,68,47,2
9,18,69,43,0
9,31,71,60,0
9,39,68,70,0
9,33,67,56,0
9,71,69,74,1
9,57,71,49,2
9,77,64,48,2
9,16,73,64,0
9,62,51,66,1
9,53,69,78,0
9,22,70,73,0
9,65,67,83,0
9,25,69,64,0
9,45,38,70,1
9,35,54,67,0
9,56,61,89,0
9,41,74,38,2
9,71,51,34,2
9,31,77,70,0
9,30,34,67,0
9,51,74,25,2
9,28,70,42,0
9,16,70,60,0
9,54,73,63,0
9,26,50,70,0
10,44,70,50,0
10,35,21,93,1
10,37,56,71,0
10,17,92,34,0
10,35,73,49,0
10,46,34,73,1
10,25,63,71,0
10,47,63,74,0
10,35,76,72,0
10,85,66,59,2
10,30,83,38,0
10,45,81,38,2
10,36,41,67,0
10,67,65,78,1
10,26,100,56,0
10,57,77,58,0
10,21,96,24,0
10,34,50,75,0
10,59,43,82,1
10,40,15,84,1
10,42,49,84,0
10,22,48,68,0
10,36,42,70,0
10,45,31,68,1
10,26,65,67,0
10,25,22,74,1
10,54,85,49,2
10,7,68,31,0
10,60,75,66,0
10,27,9,69,1
10,57,26,70,1
10,48,80,63,0
10,42,75,72,0
10,35,68,56,0
10,32,39,67,0
10,56,66,77,0
10,68,35,33,2
10,32,31,66,1
10,44,77,48,0
10,27,78,84,0
10,35,67,33,2
10,45,84,39,2
10,51,57,68,0
10,46,49,71,0
10,26,78,66,0
10,38,85,35,2
10,56,70,48,2
10,44,65,86,0
10,37,73,59,0
10,48,71,65,0
10,15,66,67,0
10,27,74,52,0
10,39,41,69,0
10,67,67,77,-1
10,61,67,28,2
10,48,75,60,0
10,40,44,68,0
10,19,77,56,0
10,30,49,73,0
10,43,46,77,0
10,36,33,80,1
10,36,55,70,0
10,24,56,67,0
10,35,70,68,0
10,57,76,76,0
10,46,61,75,0
10,13,67,31,0
10,39,73,75,0
10,51,49,71,1
10,39,69,57,0
10,72,54,43,2
10,45,43,77,1
10,50,80,70,0
10,24,67,56,0
10,15,67,48,0
10,34,24,78,1
10,67,56,52,2
10,35,73,64,0
10,69,66,90,1
10,57,82,62,0
10,69,53,60,1
10,35,55,66,0
10,37,66,33,2
10,54,70,53,2
10,62,73,74,0
10,38,66,18,2
10,61,74,23,2
10,23,45,72,0
10,44,45,79,0
10,56,28,72,1
10,21,30,79,0
10,42,61,72,0
10,34,54,74,0
10,33,56,70,0
10,69,71,55,2
10,29,69,44,0
10,3,77,20,0
10,15,81,13,2
10,33,71,76,0
10,58,72,70,0
10,26,52,73,0
10,21,82,56,0
10,34,66,71,0
10,26,40,66,0
10,37,78,54,0
10,36,31,72,1
10,69,18,29,1
10,66,38,23,2
10,32,68,68,0
10,8,67,40,0
10,22,69,44,0
10,39,25,67,1
10,40,50,98,0
10,54,51,67,1
10,12,28,73,0
10,57,41,81,1
10,60,62,71,0
10,35,40,70,0
10,60,38,67,1
10,64,74,72,0
10,64,36,69,1
10,69,70,58,2
10,21,23,71,0
10,58,44,71,1
10,34,39,78,0
10,71,43,64,1
10,61,86,53,2
10,61,47,74,1
10,15,16,68,0
10,50,45,75,1
10,18,72,66,0
10,41,45,74,0
10,6,76,66,0
10,46,72,45,2
10,27,76,59,0
10,42,75,56,0
10,47,50,70,0
10,57,72,59,0
10,71,68,67,2
10,19,69,42,0
10,39,45,80,0
10,29,78,36,0
10,15,83,39,0
10,28,85,51,0
10,30,39,66,0
10,9,26,76,0
10,22,67,67,0
10,65,55,71,1
10,53,40,76,1
10,56,67,56,-1
10,35,80,63,0
10,47,43,67,1
10,35,74,55,0
10,15,53,70,0
10,54,68,73,0
10,43,45,67,0
10,50,69,54,0
10,30,73,59,0
10,43,73,61,0
10,55,29,90,1
10,44,60,87,0
10,23,84,68,0
10,26,68,20,2
10,29,73,67,0
10,34,52,83,0
10,41,70,48,0
10,57,68,71,0
10,48,75,75,0
10,31,69,43,0
10,40,69,28,2
10,62,57,73,1
10,38,75,73,0
10,41,78,34,2
10,40,49,70,0
10,29,51,73,0
10,28,77,83,0
10,40,81,71,0
10,32,72,38,0
10,78,13,32,1
10,39,75,68,0
10,15,83,42,0
10,28,67,82,0
10,14,49,84,0
10,51,58,71,0
10,45,76,46,0
10,34,73,32,2
10,26,53,70,0
10,38,45,82,0
10,39,81,32,2
10,35,26,74,1
10,25,69,18,2
10,26,39,78,0
10,43,71,56,0
10,33,53,87,0
10,25,50,70,0
10,35,53,67,0
10,49,71,83,0
10,20,44,70,0
10,44,69,38,2
10,55,66,67,0
10,68,59,76,1
10,59,57,69,1
10,31,56,75,0
10,46,74,49,0
10,55,66,55,-1
10,7,40,77,0
10,31,71,12,2
10,23,67,63,0
10,48,74,27,2
10,29,77,52,0
10,25,45,72,0
10,32,64,77,0
10,30,63,72,0
10,62,52,86,1
10,10,68,47,0
10,35,42,74,0
10,66,51,36,2
10,31,70,26,2
10,75,41,55,1
10,31,69,52,0
10,40,56,68,0
10,43,58,81,0
10,29,80,60,0
10,37,67,41,0
10,49,72,61,0
10,39,70,59,0
10,60,45,79,1
10,31,69,51,0
10,59,76,50,2
10,22,68,47,0
10,23,91,58,0
10,33,72,70,0
10,47,34,66,1
10,14,72,59,0
10,71,47,25,2
10,47,80,50,0
10,78,78,66,2
10,44,76,50,0
10,49,76,74,0
10,34,53,67,0
10,64,63,74,1
10,27,54,66,0
10,55,70,51,2
10,64,57,72,1
10,37,67,57,0
10,23,21,67,1
10,53,74,70,0
10,70,59,52,2
10,28,36,75,0
10,49,70,57,0
10,38,72,20,2
10,78,61,63,1
10,38,50,66,0
10,71,59,52,2
10,15,68,46,0
10,8,68,45,0
10,12,80,9,2
10,64,77,36,2
10,69,68,66,2
10,75,51,51,-1
10,42,64,78,0
10,52,65,69,0
10,45,66,27,2
10,32,73,48,0
10,15,44,73,0
10,14,27,71,0
10,14,73,50,0
10,36,25,76,1
10,12,43,71,0
10,57,70,73,0
10,10,34,68,0
10,46,80,31,2
10,62,68,33,2
10,12,70,84,0
10,25,41,78,0
10,47,78,69,0
10,20,44,69,0
10,32,80,79,0
10,40,65,84,0
10,27,66,52,0
10,72,66,66,-1
10,59,62,72,0
10,70,64,65,1
10,50,56,66,0
10,33,66,47,0
10,48,67,48,-1
10,41,32,81,1
10,41,78,32,2
10,68,23,66,1
10,52,68,60,0
10,78,53,49,2
10,39,60,67,0
10,25,79,72,0
10,50,77,60,0
10,53,50,72,1
10,45,61,85,0
10,41,71,57,0
10,25,49,74,0
10,2,67,49,0
10,40,78,57,0
10,30,69,52,0
10,34,64,66,0
10,49,26,67,1
10,49,55,73,0
10,38,71,56,0
10,41,46,80,0
10,35,46,68,0
10,23,30,66,0
10,13,85,66,0
10,33,72,38,0
10,64,39,75,1
10,28,67,34,0
10,41,65,71,0
10,50,69,30,2
10,66,65,70,1
10,26,49,72,0
10,21,45,69,0
10,18,73,68,0
10,40,68,43,0
10,12,81,42,0
10,2,27,71,0
10,41,44,70,0
10,37,40,71,0
10,27,65,70,0
10,52,68,69,0
10,64,67,60,2
10,58,78,71,0
10,47,71,88,0
10,33,33,66,-1
10,15,67,72,0
10,54,73,59,0
10,58,63,69,0
10,57,78,36,2
10,38,73,65,0
10,15,70,30,0
10,39,50,71,0
10,64,58,76,1
10,47,56,83,0
10,27,79,51,0
10,56,60,66,0
10,31,46,79,0
10,64,38,75,1
10,28,71,63,0
10,44,79,55,0
10,27,31,70,0
10,34,68,42,0
10,66,77,68,0
10,53,56,67,0
10,43,70,56,0
10,59,63,68,0
10,33,74,33,-1
10,64,16,69,1
10,26,64,67,0
10,42,87,44,0
10,67,75,65,2
10,64,90,58,2
10,40,63,72,0
10,53,59,78,0
10,28,61,79,0
10,41,66,44,0
10,21,74,52,0
10,42,70,47,0
10,26,41,73,0
10,23,64,75,0
10,47,65,71,0
10,55,81,76,0
10,16,42,72,0
10,52,79,64,0
10,56,20,73,1
10,24,36,73,0
10,55,53,74,1
10,73,53,53,-1
10,34,56,80,0
10,41,74,27,2
10,38,61,66,0
10,53,69,66,0
10,17,67,68,0
10,38,67,35,2
10,10,55,72,0
10,24,68,50,0
10,23,75,47,0
10,37,54,68,0
10,46,44,87,1
10,33,39,66,0
10,72,49,54,1
10,62,68,51,2
10,44,85,60,0
10,37,73,70,0
10,40,76,51,0
10,82,61,52,2
10,4,24,73,0
10,33,61,71,0
10,30,39,68,0
10,24,57,69,0
10,44,44,72,-1
10,55,81,65,0
10,11,34,78,0
10,24,34,70,0
10,65,68,70,0
10,29,79,34,0
10,40,90,42,0
10,27,58,71,0
10,32,45,79,0
10,34,58,90,0
10,45,74,68,0
10,70,73,66,2
10,49,70,61,0
10,48,45,74,1
10,62,74,37,2
10,51,66,23,2
10,41,81,55,0
10,36,44,74,0
10,24,68,46,0
10,46,56,74,0
10,2,83,21,0
10,46,87,51,0
10,41,76,50,0
10,45,52,76,0
10,48,49,74,0
10,40,44,81,0
10,10,72,33,0
10,56,79,55,2
10,55,78,59,0
10,65,63,70,1
10,43,74,50,0
10,21,9,70,1
10,66,71,62,2
10,43,78,56,0
10,16,65,75,0
10,87,70,44,2
10,54,60,86,0
10,26,35,67,0
10,45,63,78,0
10,50,68,48,2
10,67,54,53,2
10,56,48,73,1
10,35,72,37,0
10,53,73,51,2
10,71,28,61,1
10,21,71,51,0
10,43,52,73,0
10,24,43,82,0
10,27,80,77,0
10,27,43,67,0
10,2,67,37,0
10,85,48,45,2
10,43,82,56,0
10,18,79,44,0
10,58,35,67,1
10,67,33,58,1
10,25,67,77,0
10,57,55,73,1
10,65,74,69,0
10,37,65,74,0
10,28,67,46,0
10,35,40,70,0
10,49,49,72,-1
10,37,85,59,0
10,68,43,49,1
10,33,63,80,0
10,41,73,62,0
10,26,41,66,0
10,31,73,73,0
10,19,32,73,0
10,48,78,29,2
10,12,76,14,0
10,29,69,56,0
10,19,69,59,0
10,41,60,70,0
10,21,72,63,0
10,58,39,72,1
10,38,40,76,0
10,48,56,66,0
10,56,64,73,0
10,43,59,74,0
10,10,54,75,0
10,29,53,69,0
10,49,58,74,0
10,78,59,28,2
10,50,72,38,2
10,51,37,72,1
10,38,38,84,-1
10,26,34,74,0
10,49,64,74,0
10,65,41,68,1
10,9,19,68,0
10,49,69,24,2
10,4,68,25,0
10,29,42,69,0
10,31,47,73,0
10,31,45,66,0
10,9,72,38,0
10,56,48,74,1
10,24,69,58,0
10,25,55,66,0
10,13,40,68,0
10,30,49,73,0
10,60,67,76,0
10,54,71,47,2
10,29,73,46,0
10,9,74,24,0
10,39,69,40,0
10,35,71,62,0
10,58,72,60,0
10,32,70,66,0
10,30,14,75,1
10,44,55,66,0
10,33,73,44,0
10,50,73,80,0
10,64,78,60,2
10,38,73,56,0
10,43,67,43,-1
10,44,66,53,0
10,20,61,70,0
10,57,56,72,1
10,55,50,76,1
10,66,57,60,1
10,49,44,84,1
10,27,48,68,0
10,68,55,60,1
10,54,65,66,0
10,47,42,66,1
10,55,50,81,1
10,36,67,77,0
10,58,33,81,1
10,23,77,65,0
10,34,40,80,0
10,47,67,65,0
10,14,69,28,0
10,76,27,25,2
10,14,66,37,0
10,73,43,69,1
10,14,74,64,0
10,52,79,66,0
10,81,54,81,1
10,27,71,78,0
10,24,86,59,0
10,52,69,42,2
10,20,69,21,0
10,19,64,79,0
10,36,68,69,0
10,68,59,62,1
10,17,57,69,0
10,41,37,68,1
10,15,73,43,0
10,42,37,78,1
10,69,59,50,2
10,33,51,69,0
10,50,75,60,0
10,76,70,28,2
10,27,22,67,1
10,28,81,46,0
10,38,71,39,0
10,66,63,62,2
10,15,67,76,0
10,29,87,32,0
10,70,38,38,-1
10,35,66,72,0
10,41,72,74,0
10,27,75,28,0
10,16,27,80,0
10,31,64,82,0
10,67,61,37,2
10,35,76,57,0
10,23,66,33,0
10,37,72,50,0
10,47,99,46,2
10,34,67,43,0
10,13,17,84,0
10,24,73,67,0
10,44,56,71,0
10,38,62,83,0
10,29,73,26,2
10,66,51,40,2
10,62,74,62,-1
10,30,77,67,0
10,15,67,41,0
10,8,69,78,0
10,20,76,34,0
10,24,41,71,0
10,44,66,14,2
10,36,59,72,0
10,42,26,80,1
10,13,71,55,0
10,20,37,72,0
10,37,78,41,0
10,31,76,31,-1
10,58,67,59,0
10,31,40,92,0
10,48,78,56,0
10,62,81,39,2
10,70,52,26,2
10,56,65,66,0
10,24,70,80,0
10,30,65,69,0
10,35,68,70,0
10,49,50,89,0
10,53,49,85,1
10,14,70,13,2
10,20,29,84,0
10,23,27,69,0
10,56,57,77,0
10,73,49,60,1
10,13,75,20,0
10,36,81,54,0
10,33,46,75,0
10,22,44,68,0
10,36,61,72,0
10,28,41,73,0
10,35,38,68,0
10,40,74,68,0
10,34,75,55,0
10,18,71,30,0
10,68,48,27,2
10,66,56,67,1
10,14,48,69,0
10,37,66,72,0
10,54,68,42,2
10,38,69,62,0
10,69,65,78,1
10,58,82,53,2
10,32,42,77,0
10,41,55,74,0
10,19,71,72,0
10,47,32,73,1
10,21,69,17,2
10,33,83,35,0
10,18,71,86,0
10,20,50,83,0
10,10,73,55,0
10,40,73,52,0
10,74,53,36,2
10,24,68,36,0
10,46,67,69,0
10,26,52,71,0
10,36,70,64,0
10,20,53,72,0
10,61,67,33,2
10,50,49,71,1
10,31,69,82,0
10,47,79,70,0
10,64,73,44,2
10,46,73,69,0
10,14,29,67,0
10,68,43,38,2
10,48,69,45,2
10,38,39,87,0
10,27,85,46,0
10,23,69,21,2
10,48,68,46,2
10,10,69,49,0
10,55,52,71,1
10,57,70,71,0
10,35,82,48,0
10,50,69,64,0
10,29,35,70,0
10,50,74,42,2
10,24,70,21,2
10,35,70,62,0
10,63,49,77,1
10,37,80,52,0
10,43,75,49,0
10,41,77,55,0
10,25,69,25,-1
10,8,18,72,0
10,47,54,66,0
10,41,81,35,2
10,52,69,45,2
10,51,68,37,2
10,39,57,66,0
10,55,74,31,2
10,37,46,80,0
10,47,46,78,1
10,35,70,77,0
10,23,84,19,2
10,73,46,53,1
10,27,71,8,2
10,54,73,68,0
10,31,46,71,0
10,30,29,67,1
10,36,70,64,0
10,12,74,57,0
10,14,67,39,0
10,18,48,76,0
10,43,60,71,0
10,39,66,65,0
10,49,77,9,2
10,27,67,67,0
10,61,68,54,2
10,44,71,55,0
10,24,66,57,0
10,42,43,75,0
10,21,74,56,0
10,35,43,80,0
10,28,56,80,0
10,33,74,36,0
10,29,52,76,0
10,9,69,30,0
10,58,70,64,0
10,66,59,48,2
10,12,68,21,0
10,46,65,71,0
10,52,66,32,2
10,13,83,62,0
10,46,67,59,0
10,37,61,75,0
10,45,74,64,0
10,88,71,54,2
10,76,79,59,2
10,48,76,61,0
10,37,70,47,0
10,8,28,66,0
10,35,46,79,0
10,69,59,46,2
10,41,80,39,2
10,25,79,45,0
10,36,71,48,0
10,44,57,67,0
10,52,74,55,0
10,32,86,74,0
10,4,79,26,0
10,67,69,40,2
10,6,34,74,0
10,47,57,84,0
10,56,70,65,0
10,75,74,65,2
10,42,64,73,0
10,22,73,25,0
10,24,45,73,0
10,36,79,68,0
10,32,47,70,0
10,64,76,72,0
10,18,77,40,0
10,43,48,78,0
10,65,22,85,1
10,53,72,61,0
10,56,37,70,1
10,68,94,47,2
10,24,26,68,0
10,71,64,73,1
10,43,57,66,0
10,55,64,67,0
10,69,40,48,1
10,62,77,83,0
10,28,85,65,0
10,20,60,85,0
10,26,76,72,0
10,42,35,86,1
10,33,89,57,0
10,66,55,73,1
10,50,39,82,1
10,21,77,60,0
10,42,59,75,0
10,42,45,68,0
10,35,78,58,0
10,51,65,75,0
10,54,67,38,2
10,48,47,69,1
10,56,68,51,2
10,75,38,65,1
10,40,66,61,0
10,74,60,48,2
10,49,75,69,0
10,50,25,72,1
10,21,71,43,0
10,56,21,66,1
10,64,57,69,1
10,71,63,77,1
10,68,37,35,2
10,22,49,69,0
10,36,94,64,0
10,54,79,59,0
10,58,38,69,1
10,24,34,68,0
10,12,71,9,2
10,18,74,50,0
10,53,70,80,0
10,27,31,71,0
10,7,78,46,0
10,67,74,86,0
10,15,68,55,0
10,43,73,65,0
10,49,64,76,0
10,38,64,66,0
10,20,69,50,0
10,54,74,75,0
10,74,40,64,1
10,47,73,56,0
10,30,75,67,0
10,15,71,59,0
10,46,61,72,0
10,66,74,78,0
10,68,67,73,1
10,54,60,72,0
10,23,33,96,0
10,46,67,57,0
10,15,77,53,0
10,22,70,29,0
10,34,73,51,0
10,47,60,79,0
10,29,47,73,0
10,50,74,78,0
10,43,43,83,-1
10,25,75,39,0
10,40,34,70,1
10,26,70,41,0
10,44,75,74,0
10,8,66,49,0
10,33,68,80,0
10,41,52,67,0
10,62,75,68,0
10,43,77,54,0
10,50,83,59,0
10,33,69,81,0
10,68,16,36,1
10,19,78,78,0
10,79,38,52,1
10,72,57,53,2
10,34,71,43,0
10,55,71,61,0
10,65,35,70,1
10,36,73,60,0
10,64,76,72,0
10,28,38,68,0
10,37,67,66,0
10,44,66,58,0
10,24,80,26,0
10,58,78,74,0
10,59,62,67,0
10,19,63,66,0
10,57,82,65,0
10,78,61,59,2
10,51,53,73,0
10,40,45,70,0
10,54,68,32,2
10,46,68,65,0
10,41,69,41,-1
10,20,95,61,0
10,25,77,50,0
10,54,66,72,0
10,20,55,81,0
10,48,57,69,0
10,21,79,64,0
10,65,72,37,2
10,30,46,70,0
10,26,67,47,0
10,27,64,84,0
10,24,77,63,0
10,63,86,64,0
10,54,68,71,0
10,22,68,89,0
10,56,80,65,0
10,53,85,63,0
10,67,68,58,2
10,26,52,72,0
10,35,56,73,0
10,10,78,49,0
10,34,67,74,0
10,54,34,71,1
10,48,79,75,0
10,59,74,52,2
10,27,83,59,0
10,71,75,50,2
10,30,51,68,0
10,21,84,44,0
10,14,71,42,0
10,52,93,70,0
10,70,67,71,1
10,38,70,27,2
10,63,67,64,0
10,40,33,80,1
10,25,30,84,0
10,42,44,66,0
10,54,70,71,0
10,31,73,76,0
10,24,25,69,0
10,14,58,67,0
10,12,68,50,0
10,42,56,66,0
10,71,60,57,2
10,45,69,39,2
10,44,72,52,0
10,15,72,64,0
10,55,71,81,0
10,58,74,43,2
10,62,80,46,2
10,15,79,58,0
10,49,56,70,0
10,60,71,75,0
10,64,70,78,0
10,48,66,56,0
10,26,70,44,0
10,30,32,76,0
10,8,79,44,0
10,32,50,92,0
10,77,28,54,1
10,52,70,57,0
10,41,65,68,0
10,30,53,70,0
10,44,65,70,0
10,21,79,33,0
10,67,32,68,1
10,38,41,75,0
10,12,14,70,0
10,52,50,72,1
10,35,25,71,1
10,20,54,76,0
10,15,72,45,0
10,20,70,59,0
10,37,68,36,2
10,38,55,94,0
10,53,79,23,2
10,31,73,27,2
10,7,66,75,0
10,28,67,72,0
10,45,80,58,0
10,15,70,58,0
10,16,70,18,0
10,33,76,49,0
10,43,77,55,0
10,42,64,71,0
10,33,45,71,0
10,20,81,20,-1
10,43,46,68,0
10,58,31,67,1
10,21,28,81,0
10,66,47,56,1
10,11,48,66,0
10,32,70,61,0
10,15,67,19,0
10,51,68,65,0
10,39,70,60,0
10,20,78,30,0
10,70,65,79,1
10,80,67,68,1
10,36,60,66,0
10,55,72,62,0
10,39,68,77,0
10,64,68,54,2
10,71,73,74,0
10,31,69,65,0
10,76,39,77,1
10,63,40,71,1
10,50,41,94,1
10,41,69,28,2
10,35,77,41,0
10,57,45,67,1
10,55,89,43,2
10,50,63,67,0
10,56,60,82,0
10,70,61,80,1
10,27,76,17,2
10,12,43,68,0
10,13,23,66,0
10,52,64,71,0
10,16,51,66,0
10,58,61,73,0
10,34,67,57,0
10,31,79,52,0
10,59,60,81,0
10,47,71,40,2
10,37,16,71,1
10,64,70,63,2
10,39,66,44,0
10,55,66,72,0
10,69,43,67,1
10,57,68,74,0
10,41,72,52,0
10,18,72,58,0
10,53,15,66,1
10,39,73,59,0
10,35,67,77,0
10,9,73,48,0
10,39,48,92,0
10,58,65,73,0
10,17,81,61,0
10,56,53,72,1
10,44,39,72,1
10,40,25,75,1
10,36,70,33,2
10,27,79,71,0
10,55,39,70,1
10,49,75,79,0
10,60,42,67,1
10,52,84,58,0
10,40,67,53,0
10,57,75,68,0
10,19,70,60,0
10,23,56,72,0
10,28,76,74,0
10,28,72,18,2
10,27,81,49,0
10,30,29,67,1
10,22,67,39,0
10,48,73,67,0
10,58,63,72,0
10,13,81,60,0
10,25,60,71,0
10,30,69,33,0
